"gene","Early.lfc","Early.padj","Late.lfc","Late.padj","Middle.lfc","Middle.padj"
"ABCB1",-0.660191049023844,0.0510423408580029,-0.764398386087401,0.0108636989477647,-0.717597577071339,0.0347803645685056
"ABCF1",0.179962577267268,0.594217164910032,-0.213974982163372,0.401116856286015,-0.290622019522443,0.277986028089871
"ABL1",-0.19797798700136,0.36891666773449,-0.129600516925311,0.498199741660834,-0.3016842212982,0.130572060142144
"ADA",-0.507723427604173,0.127596154265343,0.371765692504419,0.196486853518353,-0.602374063437203,0.0568496148325441
"AGER",-0.415094310390148,0.235758717340232,-0.378493513108283,0.195315221185472,-0.74275321616773,0.0172739117224772
"AHR",-0.874196210358646,0.0396680138861801,-0.541860155135908,0.149490537055822,-0.998322932701216,0.0147819444946028
"AICDA",-0.109653345102029,0.807255044534296,0.35957866863035,0.327288228552823,-0.266804194490598,0.497239773713858
"AKT3",0.150940861010136,0.740465478013677,-1.5776599946291,5.12685939209646e-06,-0.599896849671515,0.0779597290114716
"ALAS1",-0.174718058654666,0.494904169744969,0.605070869669436,0.00187666541650219,-0.112515766705934,0.622903878273996
"ALOX12",0.251500005418082,0.60766204182897,-0.74731546721498,0.0194715113570419,-0.735393768710492,0.0418243713690471
"ALOX15",-0.433553520403799,0.369683425059658,-1.52854574090212,0.00021419348188557,-1.32276410157478,0.00236697934481712
"ALOX5",-0.588620628970837,0.138856592477179,0.164427855503409,0.667229960782335,-0.661893056477807,0.0797549642147172
"ANP32B",-0.525081675186398,0.0478339899695399,0.524653564231128,0.0248203071160995,-0.430255855555295,0.0937077177695025
"APOE",0.142772786332326,0.785793152006845,0.271128368967733,0.498199741660834,-0.366397643897302,0.374584623143432
"APP",0.0153966519998381,0.943781851665911,0.302746106878649,0.0622622838548933,0.180524941766922,0.317580073630569
"AREG",-0.153581549960544,0.806139024879242,1.41807844981334,0.00634357797812988,0.275852904517819,0.651396235139159
"ARG1",-0.153581549960544,0.805534302030722,1.1862544339051,0.0201490375240044,0.483497130646915,0.418054194061045
"ARG2",0.287492980946604,0.515791376637917,0.457964224791466,0.177979100087777,0.789451610410978,0.0298932037617606
"ARHGDIB",-0.456954820052454,0.0751633248614953,0.181811748943758,0.450402474792142,-0.42716811666951,0.083719072801705
"ATF2",-0.113036791896704,0.6258537079787,-0.349405086490735,0.0318692199682287,-0.490882210753336,0.00640047270690524
"ATG10",-0.168870355625251,0.698618252804702,-0.893837642631966,0.00465149947418081,-0.340534359474921,0.318293822543217
"ATG12",0.0919747290294399,0.72366132927347,0.090990700178784,0.65125935738093,-0.24226480220298,0.226938279000133
"ATG16L1",-0.445370090033942,0.172406698580982,0.394195691230655,0.192856190410739,0.254723140124595,0.467616227014947
"ATG5",0.222870269971484,0.422168879297925,-0.121036773897851,0.610900029996974,-0.333124158679984,0.159921018875484
"ATG7",0.558107330005384,0.0587712721709886,-0.409950409196465,0.12618033742096,0.507673208789602,0.0733482958931271
"ATM",-0.584424615734331,0.0910458359428131,-1.1658886868621,0.000281269044006983,-1.16084801384133,0.000709639617532104
"B2M",0.665565344026895,0.00176041336262667,0.215630425595464,0.277742980481418,0.903814235914332,8.12254209263088e-05
"B3GAT1",-0.153581549960544,0.297408201000596,-0.160296716954399,0.191548912021405,-0.581418260519021,3.8775097500753e-05
"BAD",-0.258611290439884,0.254617080933918,0.302462967234405,0.134714026652243,-0.711652159362101,0.000571947646571545
"BATF",0.665819530132769,0.00220954248852853,1.59855315329489,1.37337107178839e-09,1.43312086238502,3.64065913595953e-08
"BATF3",0.929652089549124,0.000125426284180279,0.374961033508855,0.0743735448457336,0.684811387738643,0.00725938357415961
"BAX",-0.051900727704961,0.875163312049262,0.452438529426098,0.0447490896386054,-0.272305448871494,0.278281581018293
"BCAP31",-0.00460679723956225,0.978121763699471,-0.0923702398409407,0.664433295769482,-0.413058197682613,0.0476245006568884
"BCL10",0.581901369787476,0.388446829729716,-0.0617756091770101,0.924800039180899,0.0729936045492678,0.920732373989551
"BCL2",-0.176534282107122,0.672733552188979,-1.14008468626893,0.000247804140910667,-0.433499030247987,0.171349584852569
"BCL2L1",-0.556841149151053,0.201670518494858,-2.61420950827225,8.73849302628239e-09,-2.18492279941788,1.14479525308575e-06
"BCL2L11",-0.238711036588031,0.470890549992968,-0.0955446125467905,0.740490439909918,-0.717741476558051,0.00973318995099554
"BCL3",0.186934502436047,0.697555506156237,1.22328498700007,0.000447890761683965,1.44952240601804,0.000158659830785445
"BCL6",0.27465186931294,0.629448465179598,-0.0259978642740002,0.96058920563374,1.59889121556688,0.000463767776949551
"BID",0.414231967243172,0.0776071161023611,0.590440175038674,0.00461406911769825,0.255065177693291,0.262088730774222
"BIRC2",0.122460280395858,0.631183837836564,-0.125042472584877,0.522125101042106,0.165299018838043,0.424371994912113
"BLK",-0.643322916149191,0.0194559918151662,-0.891171042330919,0.000455824114789116,-1.15015226940842,4.9786056597599e-05
"BLNK",0.357213679486229,0.416387131250548,-0.565893693157162,0.088540979229031,0.233142894918885,0.559319101593742
"BST2",2.0318402614145,4.65225395587469e-12,1.441473715878,2.0450701311566e-08,2.29756405580437,4.33026757533275e-12
"BTK",0.17509131608723,0.618886151266972,-0.141946854836201,0.600091002763959,0.374341514386584,0.157789324692828
"BTLA",-0.0319578320638492,0.955081795474881,0.417514462889996,0.430211351800363,-0.0471174621892194,0.9507710458702
"C10orf54",0.489981623324235,0.0771415332849555,0.30100834681572,0.225310079904223,0.759385986309493,0.00520726646795924
"C14orf166",0.0215495379447255,0.935888936853,0.259318530953138,0.182800916282987,-0.490032341521021,0.0190014699355775
"C1QA",1.00885722537104,0.119826169735307,0.866638344068797,0.127388992177507,1.60851901856175,0.00828151220261124
"C1QB",1.14563630763754,0.0570290858093471,1.41064399070909,0.00812233691347196,2.56191653531913,3.34995263685461e-05
"C1QBP",-0.318014059877866,0.327313266646996,1.07481551979735,9.79644965961442e-05,-0.337756382398499,0.235646782372086
"C2",1.39263946197677,5.00729991510002e-06,1.73196797865282,8.29422212537179e-08,2.09730150864141,9.78915885909994e-09
"C3",-0.153581549960544,0.631183837836564,0.348614213543891,0.16315030834576,-0.346468451151683,0.175109159426593
"C3AR1",0.387149206904377,0.203534808634473,0.810079492612023,0.00143713584378585,0.774373843257535,0.00427951293316633
"C4A",0.847799443648276,0.00168569747108696,1.52909874571672,1.50321991042831e-07,2.34428451827737,9.86911317468817e-11
"C4B",0.991860844153608,0.000937906234869694,2.53802707557774,4.68458282000411e-11,3.28491809401304,6.8757854766814e-13
"C4BPA",0.403447957474352,0.810989540694843,-0.0441540380471084,0.981532170953558,0.075917830981644,0.969280058466574
"C5",-0.0571510198638254,0.918277684686683,-2.49974655948409,5.33321861090917e-08,-1.21082538370738,0.00317701492857407
"C5aR1",0.271288153617824,0.56517159849588,1.51681198026849,4.3515906789776e-05,1.29040018126976,0.000773454801468611
"C6",-0.153581549960544,0.565217312703319,-0.004603090939864,0.989257852514773,-0.339799490564305,0.127085786523637
"C7",-0.153581549960544,0.72366132927347,0.339737185439111,0.315828574306661,-0.292197050211411,0.418856222529625
"C8B",-0.153581549960544,0.697555506156237,0.215909075945184,0.497354797990045,-0.211857112646693,0.536542349345979
"C9",0.128824897874078,0.806139024879242,0.253680228867092,0.547768509173564,-0.226113783848481,0.628304373860597
"CAMP",-0.398658048396177,0.504159663768445,1.27761586629936,0.00438135964063624,1.89874592638013,0.000200456993782908
"CARD9",0.576191581734654,0.0967402946353185,-0.153752893743092,0.649292352044935,0.214807669606188,0.542461833945761
"CASP1",1.98752926883832,5.444388006453e-11,1.04969972042925,1.32037417698837e-05,2.01173174020274,6.96111876603938e-10
"CASP10",0.375357670473152,0.0604468359574353,-0.214298888062368,0.236812133767619,0.388155922760465,0.0442081664979135
"CASP2",-0.286368682792417,0.368950557175356,-0.508056535654869,0.0445383004316922,-0.616861799405172,0.025364355984979
"CASP3",-0.121973784003309,0.754512175697058,0.232348116900146,0.424366024400808,0.25441748021604,0.423263195994457
"CASP8",-0.180413096233249,0.352793147398916,-0.468632908971001,0.00305426542984967,-0.266134993541636,0.118586881457425
"CCBP2",-0.215608565697189,0.352753107076383,-0.46663133261224,0.0103746493118938,-0.7725014512695,0.000200456993782908
"CCL1",-0.0263196639791454,0.950519057260661,0.422324132460114,0.22713238632883,0.0218593539166818,0.969280058466574
"CCL13",-0.162932941594509,0.386871093330186,-0.050474515867923,0.779147816938493,-0.640964900574631,0.000165450458057843
"CCL15",-0.153581549960544,0.352753107076383,-0.036390617423578,0.819181796338998,-0.581418260519021,0.00013781341790806
"CCL19",-0.153581549960544,0.516193590359811,0.172687589620093,0.381796006876584,-0.198380811785533,0.352320807178515
"CCL2",-0.00874902466482474,0.978121763699471,1.67743942175199,9.5884857083409e-05,0.730942129474037,0.112160061518021
"CCL20",0.0513448373315839,0.895230570208261,0.132985917605919,0.681781301426369,-0.367785620785256,0.244639351069679
"CCL21",-0.153581549960544,0.352753107076383,-0.0327316830249202,0.837174727629236,-0.581418260519021,0.000128893892717658
"CCL22",-0.153581549960544,0.343248087991384,-0.10372157729241,0.454720931188449,-0.581418260519021,0.000101558803356791
"CCL23",-0.153581549960544,0.385553941652269,0.0385060069185528,0.819181796338998,-0.581418260519021,0.000267628160827897
"CCL3",-0.199101629902334,0.626803261938729,1.64646811037026,6.70609318255355e-06,0.448420009578049,0.234248523062748
"CCL4",-0.275572248817832,0.221296916120043,0.0552344768627666,0.811916454099851,-0.47970795637225,0.0199447865827399
"CCL5",-0.620940947556679,0.186074843213056,0.488125775702851,0.210786184451488,-0.091231584158054,0.846100167343456
"CCL7",-0.0390443139793017,0.929879403342214,0.282403383350442,0.394011065270387,-0.164048932591207,0.661254495437812
"CCL8",1.06745661523136,0.0085522496280556,0.0596915820324,0.885694743262087,0.497109232109432,0.228545575949823
"CCND3",0.220043225165126,0.327313266646996,0.0836209400964609,0.676610888253596,-0.147913473234395,0.474418807761352
"CCR1",1.4628194386274,0.000158973522784992,0.931667318732202,0.00846685211148241,1.91290277684775,6.51370486314789e-06
"CCR2",0.365419171723762,0.196806632977241,-0.302001255557048,0.206535578590648,0.00821776895168025,0.982549037235928
"CCR3",-0.600478507259591,0.217544415188053,0.00814280389311239,0.989688299214276,-0.700619837969055,0.10553265146862
"CCR4",-0.0947058530864968,0.805534302030722,-2.43270308101022,1.87543891969938e-10,-1.01641322930377,0.000799358290974792
"CCR5",-0.296740707422315,0.540636296143826,0.591605881162565,0.0993126920603296,-0.320453530368184,0.435678508726353
"CCR6",-0.440382201891128,0.193267535498406,-1.40110678179201,2.12698407711112e-06,-1.06807339493674,0.000571908071735467
"CCR7",-0.690504159639604,0.075005112852869,-1.08353844850535,0.00196438534401781,-0.545330610404099,0.136499290806554
"CCR8",0.322677926168709,0.705180191402163,1.73839204411767,0.0036595890812879,0.699690596380423,0.299106188379817
"CCRL1",-0.153581549960544,0.806139024879242,1.030773506236,0.0445383004316922,0.313770765029353,0.610094135854621
"CCRL2",1.71320884175557,0.000125426284180279,0.0773950496451619,0.880813377231039,2.11865718351585,1.57131018325438e-05
"CD14",-1.17553796069778,0.0182588590398148,0.211859213918489,0.661962914824904,0.755078892168497,0.10630111643976
"CD160",-0.0900184014329986,0.844122886735399,0.574563283985824,0.114908917290275,0.121074358345358,0.786713195232131
"CD163",0.0809244253714603,0.874528872175774,-1.75446561943063,1.20797069071675e-06,-1.90959991242101,8.73211715584951e-07
"CD164",0.757082862801251,6.12797225379514e-05,0.389597561113643,0.0218443093752725,1.00664660481173,2.80108662600875e-06
"CD19",-0.542777604329461,0.228481376727971,-1.64630233353011,5.07702242272357e-05,-1.48961455183299,0.000454804517016137
"CD1A",-0.219240835813235,0.618886151266972,-1.84364923191784,6.30745442763822e-08,-1.54257546878658,9.42567584503532e-06
"CD1B",-0.153581549960544,0.652990541248647,-0.0244454220158623,0.937502911688175,-0.13871753367167,0.653410313444832
"CD1C",-0.571674816494085,0.126235449660294,-3.05104482995037,3.7273917927555e-11,-2.31854372644963,1.48655318344283e-07
"CD1D",0.307449376311471,0.352793147398916,-1.35113878164154,5.62771579422942e-06,-1.09507937123131,0.000424664390565109
"CD1E",-0.153581549960544,0.692428650045715,0.329542218799731,0.272927473458879,0.0217731389300475,0.963143747247709
"CD2",-0.0976501320498055,0.85598449083958,-0.0102113239146551,0.987208264057556,-0.653048595525172,0.108519653291924
"CD207",-0.159980135889235,0.548574301495744,-0.184286614700426,0.381090539245108,-0.266858158013745,0.248271525267697
"CD209",-0.153581549960544,0.613881951729708,0.156898385997695,0.518126157795563,-0.104639826008484,0.710276801970536
"CD22",-0.364244979298976,0.409810557695606,-0.98560702541741,0.0033809760619702,-1.04583778680523,0.00441355603748072
"CD24",-0.141273660929897,0.844122886735399,2.28982033146948,1.95594216067284e-05,0.821245218521084,0.125968457785314
"CD244",-0.131842159248979,0.824048002203708,-0.0950809781754325,0.855265329275081,0.281092583680522,0.572764619776836
"CD247",-0.351825371844093,0.434353831200456,-0.602767178988424,0.0850920162259402,-0.801026923157478,0.0353236368573695
"CD27",-1.00395214435438,0.00509527091879563,-0.175588957881299,0.619474068340714,-0.900763225738251,0.0112604650208356
"CD274",2.69594575349173,4.92555546314455e-10,0.884798879020963,0.00665908736063513,2.73955702684762,3.73051507751741e-09
"CD276",-0.075389249308417,0.877230506390477,-0.443591740621657,0.196012268082492,-0.957414406341615,0.0079756862895024
"CD28",-0.477823526714304,0.0918535934657887,-1.03324231812162,0.000112620771556272,-1.16646649075943,7.10518439187393e-05
"CD34",-0.178688897061665,0.53387564422874,0.0447304141047864,0.875194985799493,-0.339873518673446,0.166071187878466
"CD36",-0.567549652147115,0.496830600946209,0.210944840793359,0.774633548896049,-0.24170236108335,0.755613965512817
"CD38",1.15428210339319,1.81321164415355e-05,1.29564849870604,2.12698407711112e-06,1.05876893777591,0.000137448840575738
"CD3D",-0.207873723392398,0.675371058391924,0.678788386346195,0.0538831253371704,-0.469481766282479,0.222893828951895
"CD3E",-0.672864777882678,0.0725464890063545,-0.318293777646154,0.359532998008275,-0.75784217303031,0.0357524215423926
"CD3EAP",-0.282326642790299,0.314094025974204,-0.6438383906689,0.00380970098161018,-0.949708509326161,0.000155037664405927
"CD3G",-0.441931717255368,0.352753107076383,0.175944066168542,0.676359948028989,-0.555479542335561,0.177854046344466
"CD4",-0.264841442553926,0.172406698580982,-0.341014270006999,0.0351169264776307,-0.571769638638548,0.0017269567823883
"CD40",-0.197562159239418,0.666409914167624,-0.790611549372564,0.0101548355627638,-1.10047993380627,0.00116181304757688
"CD40LG",-0.28372004247611,0.48450951217858,-1.90785581040258,3.62520655286007e-07,-0.897517324367819,0.00828479071507978
"CD44",-0.269066547711311,0.388446829729716,-0.320825504013985,0.19934961622754,-0.412890618121283,0.126673453767803
"CD46",-0.0119701504691196,0.961651549459761,-0.882869624318669,0.00011517179212571,-0.795812803520318,0.000933371695255445
"CD47",-0.0636118383181863,0.822045009687916,-0.553425449373769,0.00657142493469896,-0.177576173643372,0.448184426551008
"CD48",0.140413481223479,0.6258537079787,0.0435989540162378,0.862752027595161,0.236256316506838,0.299106188379817
"CD5",-0.357862731991435,0.323850085681247,-0.881508103569736,0.00299346739713004,-0.819360852894923,0.00986996022947065
"CD53",0.526562984109134,0.037607499739024,0.512728041612435,0.0219368150942325,0.81210923003316,0.00133589883501422
"CD55",0.173239212156066,0.704148127558478,-1.59916981230583,6.70609318255355e-06,-0.665540946175836,0.0578054119027182
"CD58",-0.0571972016270905,0.839855452865287,-0.132757393471875,0.534282313080369,-0.428297500942662,0.0475757716601031
"CD59",-0.222782134835573,0.352753107076383,0.23337390113266,0.227655261523908,-0.116821034282063,0.609575641497954
"CD6",-0.285760819956373,0.50891271296841,-0.387439765212848,0.239622152360905,-0.482266303692388,0.172637413627476
"CD68",0.712090305773053,0.0532793768187095,-0.0842899431651922,0.82788583060597,0.541513338508182,0.128822168521866
"CD69",0.49230630397106,0.297198379446506,0.497255396163097,0.195315221185472,0.408633000847741,0.328420556070685
"CD7",-0.598179845785825,0.219593303783469,0.608368994526014,0.128702218881049,0.364557240995849,0.423263195994457
"CD70",-0.153581549960544,0.593550545849319,0.532671055804347,0.0200676614519975,-0.227185123971051,0.352650782333
"CD74",0.544582140258981,0.194568136051605,-0.175325406962866,0.648951754540534,-0.00629780706372429,0.992279523493056
"CD79A",-0.635970512528029,0.0417861951258224,-1.56360458973647,1.31763987525361e-06,-0.896145950389047,0.00338881651854438
"CD79B",-0.677739319428503,0.0478339899695399,-0.11235285257149,0.743993178178067,-0.293528412198405,0.38700980080271
"CD80",1.13519689025606,0.00232306732165673,-0.467040801120588,0.180278521873452,0.622996831034611,0.0937077177695025
"CD81",0.389773780597553,0.0776071161023611,0.345058188851585,0.076471825820574,0.185905853921605,0.40229084800897
"CD82",-0.728870874633325,0.0899773327928663,0.642228453893061,0.0816303856837438,0.469997919277379,0.244639351069679
"CD83",0.00497647661823475,0.981022249421493,-0.389587018695233,0.132262914679119,0.0823413359501775,0.792570430179141
"CD86",0.41682907842122,0.0903254785832966,-0.0918927875500977,0.70880830332046,0.0838242134622327,0.752230535076573
"CD8A",-0.666402784537726,0.187761058173866,0.727709810489211,0.076471825820574,0.14663845124953,0.770594085562213
"CD8B",-0.651371281027439,0.247841389688769,1.18169726683496,0.00838886822503153,-0.810726950051275,0.10279593626846
"CD9",0.165276698378571,0.72366132927347,-1.91216295123762,4.93409440444965e-07,-1.69845976601659,1.48299580231195e-05
"CD96",-0.86309738680953,0.0461312036000867,-0.828057294951138,0.0300705151055955,-1.08147465342984,0.0102091016920365
"CD97",0.266200368594054,0.353758657146477,0.736743518852332,0.00181128248048057,0.87343824718994,0.000738169703509266
"CD99",0.0298123170948337,0.955081795474881,-0.423931840735234,0.368152067205798,-0.449767979050655,0.380728809021556
"CDC42",0.0662227774324347,0.769943133629001,-0.359539171416545,0.0218443093752725,-0.556625361060064,0.00151088102800599
"CDH5",-0.153581549960544,0.343248087991384,-0.109400872900573,0.428784115456566,-0.581418260519021,0.000101558803356791
"CDKN1A",0.596500124783187,0.0640389124791454,0.021326686200914,0.957387091792913,0.240322633164523,0.464104097696908
"CEACAM1",-0.205296317661573,0.56517159849588,-0.520564371274543,0.0461013285851995,-0.0148754301050422,0.971950775414628
"CEACAM6",-0.0822528418293755,0.807255044534296,0.090942650774628,0.756819328221973,0.00147992566098321,0.99742257547357
"CEACAM8",0.0945004867754058,0.888402362749893,0.0267970867828904,0.966431446998104,0.997616592379881,0.0683933839322791
"CEBPB",0.234781614647545,0.6258537079787,1.80150935345511,2.87858546802366e-06,2.31024459689367,2.31486526977991e-07
"CFB",0.245746365308712,0.658895970388242,1.70135805988638,0.000178746876232636,1.25014461972873,0.0104507998195383
"CFD",-0.262757810088749,0.751631315658618,-1.06615755018129,0.067516969036793,-0.217896992230383,0.760281070842254
"CFH",-0.130975707461761,0.638044243682276,0.752100455685894,0.0012687434348173,0.135371184342532,0.613119308487168
"CFI",-0.430729115730098,0.434353831200456,-0.436092776471638,0.331987175039813,-0.780404205553435,0.0952552865933625
"CFL1",0.0650908454011176,0.84726873526829,0.681327929729639,0.00488023331839223,-0.129885085277007,0.651396235139159
"CFP",0.319517853027625,0.352793147398916,-0.0737630983862658,0.819181796338998,0.497552137438014,0.0990700510053593
"CHUK",-0.0695372373043854,0.834767939265831,-0.0294700997899326,0.9177575165401,-0.238420370261531,0.367897603403642
"CIITA",0.639868182834867,0.0956948702416086,-0.49205189212398,0.155695708578462,0.00912910149901425,0.985653141850002
"CISH",1.2060915915794,0.00207267605885073,2.22878857134787,1.43542806644545e-07,2.82990466065217,5.33638267766699e-09
"CLEC4A",-0.0958722824712765,0.877230506390477,0.338921016406065,0.456627791943488,0.134546885973259,0.7990470631849
"CLEC4E",-0.0606554382872577,0.935771745529302,1.31279339172626,0.0106792005266808,0.989328285947183,0.0768890656717647
"CLEC6A",0.439815339244415,0.388446829729716,1.43385235800911,0.000775538066753046,1.21947087774447,0.00815529623527012
"CLEC7A",1.29842426700674,0.0194559918151662,-0.891368027819729,0.0759419673570497,1.28383317670299,0.0189824531358943
"CLU",0.282808064917766,0.40785269846808,0.0442763030610198,0.890140931472592,-0.46388723695706,0.112160061518021
"CMA1",-0.277344361688075,0.576316574130671,1.24963921734364,0.000599604000559879,0.578990805978354,0.129277922018414
"CMKLR1",0.276633244212701,0.509872457652651,0.554597721943806,0.0755813137428597,1.00930690533865,0.0028377963052696
"CR1",-0.836912460517629,0.105597396921856,-0.706486416085353,0.12828034438978,-1.07981013819605,0.0287930968413636
"CR2",-0.337164251046716,0.0903254785832966,-0.204448540983081,0.265059544461357,-0.664213016810242,0.000773454801468611
"CRADD",0.0695880776686133,0.805534302030722,0.801526572528261,0.000132479524842645,0.375467237510976,0.0836388343400645
"CREB1",-0.205224710524286,0.267543514317657,-0.9490004790903,1.50321991042831e-07,-0.518675051448405,0.00178993200080158
"CRP",-0.153581549960544,0.449302391120972,-0.0460367227279903,0.811916454099851,-0.581418260519021,0.000983145769967109
"CSF1",1.11636167086835,5.28505300351874e-05,0.737420421986523,0.00352989851628012,1.24443161098858,2.35050944396136e-05
"CSF1R",0.745686757183851,0.120089674822076,-2.33507683943694,1.54688515971579e-06,-0.326086153520794,0.499151922450835
"CSF2",-0.153581549960544,0.683495275735479,0.21772600962494,0.465913601226395,-0.0617936647653812,0.860519637332792
"CSF2RB",0.347429950730598,0.619995482545218,0.41881773195518,0.415890511039318,2.01652954326274,0.000274717737169685
"CSF3",-0.178688897061665,0.397593153111604,-0.162880618917312,0.359532998008275,-0.443507488965002,0.0172739117224772
"CSF3R",0.481349323161865,0.449302391120972,0.674650188894892,0.17890761528751,2.33194740573817,8.27539178810518e-05
"CTLA4",-0.536831587760356,0.295024666549293,1.25705303355506,0.00225402558376917,-0.644372162568839,0.152188131581912
"CTNNB1",-0.530926778775937,0.0159347005055799,-0.367066939711576,0.0631316310851764,-0.181162202534995,0.420447229679962
"CTSC",0.4201010782391,0.247841389688769,1.79843468434008,2.07357149695184e-07,1.26234607228525,0.0001604646449015
"CTSS",0.757141494970895,0.0201249991512821,0.0172604385888526,0.964300721792662,0.805206020755858,0.0122172619605325
"CUL9",-0.264617260228575,0.431266053576852,-0.759400244815536,0.00338971331652477,-0.653081207400677,0.0210183981654615
"CX3CL1",-0.119473570968943,0.631183837836564,-0.293866841832143,0.0998395811472519,-0.644855966587676,0.00111711717662717
"CX3CR1",0.135359507043017,0.877230506390477,-2.48956294242711,0.00029666120880681,0.263846743891836,0.738987165244048
"CXCL1",-0.142289898094319,0.603470187659729,0.0816069914304061,0.724632733570832,1.38127091008663,1.80502338389578e-06
"CXCL10",7.18819594889438,8.42300510723939e-18,5.42156643086762,3.66879653889616e-14,6.72061297118489,1.54394656452236e-15
"CXCL11",1.57716942451346,1.31907983751222e-05,2.96492429817808,4.68458282000411e-11,2.8579026035469,7.42871276103896e-10
"CXCL12",1.48588835422579,1.61565821765607e-06,0.910732642050671,0.000961532551346925,1.61489496394022,2.10450048901116e-06
"CXCL13",-0.215790769789985,0.482037969615857,-0.486634185174496,0.0344140299691093,-0.806866947861339,0.00158811862550477
"CXCL2",-0.119457428594327,0.72366132927347,0.634618480122996,0.0160654050848125,0.830905734364089,0.00821054332979707
"CXCL3",0.655648324893535,0.0903254785832966,0.37243826212773,0.281539701739244,1.29064469016727,0.000577696974403743
"CXCL5",0.0422528298300877,0.897872632728303,0.451086615239404,0.0820649796204321,0.0989374112773023,0.760281070842254
"CXCL6",-0.220540643903463,0.658895970388242,0.937399946115876,0.0206709608846638,0.857933536959858,0.0621664065829221
"CXCL9",-0.153581549960544,0.774657098814674,0.671159598529587,0.116662674652937,0.288958519236321,0.571234627896575
"CXCR1",0.373043142894414,0.509992034789957,-0.00388519503126439,0.99541138529144,1.32589820516627,0.00482162077562071
"CXCR2",0.184883121495286,0.791909033041638,-0.151328962211782,0.793566055701311,1.769130159848,0.00130741158492063
"CXCR3",-0.320562984088611,0.509992034789957,1.41586268449059,0.000162572913446048,-0.436436679617223,0.281270365586772
"CXCR4",-0.444720977769846,0.100698253738688,-0.651965086365095,0.00624683762699914,0.154053192033784,0.589202619448171
"CXCR6",-0.935739418807225,0.0429941919078243,1.61617296851478,0.000439385206754221,-0.571572842409263,0.241914810120669
"CYBB",1.39469727542042,3.28282117192375e-06,1.28413938381015,9.29946617601774e-06,1.58252834389348,1.80789853658006e-06
"CYSLTR1",0.526806344328548,0.259967394464656,0.338283272443078,0.394011065270387,0.655974988674324,0.104481011416335
"CYSLTR2",-0.647714004354443,0.289945624657877,0.469902420290311,0.410603036995135,-0.230431993127961,0.730121681197004
"DAXX",-0.209855848813828,0.393259081029379,0.258423894475751,0.182824536196445,0.0857268255153354,0.710276801970536
"DDIT3",1.10529320702076,0.00176041336262667,1.02994760731624,0.00188479986654947,2.22246984696967,8.38788595840082e-08
"DDX50",-0.189430430041908,0.672733552188979,-2.30543900753441,7.92271025128212e-09,-1.30257485418931,0.000259918965448574
"DDX58",4.20241023354924,2.54663802756278e-15,1.82371402019242,3.61418426780219e-07,3.67017732981287,1.00473522517119e-12
"DEFA1",-0.366069849820437,0.754512175697058,1.47435291751062,0.0719940726738914,-0.83740708555255,0.359589962329243
"DEFB1",-0.0557312066155182,0.875163312049262,0.22808506856644,0.407802393776458,-0.133899529876024,0.672388868447702
"DEFB4A",-0.153581549960544,0.76809945428406,0.494742136588919,0.227837838605813,0.088899564501415,0.859527842448462
"DOCK9",0.041066967472835,0.943781851665911,0.481372181003587,0.270132310591476,0.335050913829265,0.49485296751167
"DPP4",-0.260526948230855,0.503263832161208,0.371181105447009,0.207567803444585,-0.210320621750137,0.534632799185702
"DUSP4",-0.491317875064351,0.304946857032547,2.50073590857884,5.25945002923797e-07,0.219614617952727,0.685639927959252
"EBI3",-0.0991825056871667,0.674267922981174,-0.340475144177289,0.0378492331689647,-0.658390286606272,0.000424664390565109
"EDNRB",-0.236017371170211,0.283787226863574,-0.0981859850107885,0.623833864091728,-0.50083596307355,0.0107234931293896
"EGR1",0.132185014561931,0.806139024879242,-0.465525731394293,0.235463547431916,-0.0199636031555004,0.974168373155662
"EGR2",0.0251786732363044,0.961651549459761,-0.162393057971047,0.769099086007042,0.267145414448605,0.645287236180446
"EIF2A",-0.0138286126355158,0.955081795474881,-0.33216767692365,0.100628184917784,-0.651006646388755,0.00358569557057976
"EIF2AK2",3.49407986004572,2.5484522974444e-14,1.78261393114953,1.50321991042831e-07,2.44080752765227,1.26828588778197e-09
"ELK1",-0.156252167044075,0.692428650045715,0.0762780339585944,0.819181796338998,-0.4331126344935,0.157789324692828
"ENTPD1",0.270658040121607,0.479125532146028,1.15398154042205,0.000145405841769321,-0.25488870423712,0.442316303516325
"EOMES",-0.789353599879784,0.0478339899695399,-0.221784804872536,0.554559884612655,-0.937403161658406,0.0150966521790573
"ERCC3",-0.179437121944408,0.516193590359811,-0.148213869859851,0.508992115956386,-0.401483198815346,0.0772595893128394
"ETS1",-0.683767428736177,0.0435506225788047,-0.852676944602965,0.00488023331839223,-1.34071217086792,0.000122170927432194
"EWSR1",0.115394889914443,0.684717591775269,-0.180002454292371,0.389391753562135,-0.362084377066941,0.0952540169631804
"F13A1",-0.320004173682619,0.518974129505899,-2.42075231488095,1.43542806644545e-07,-1.9238495489241,2.31335394329224e-05
"FADD",-0.0346286969444787,0.901510267618654,0.466235503085737,0.0183439344847196,-0.0352348575005745,0.892344917032266
"FAS",1.60679904615067,1.08845923363804e-08,1.0315701348915,2.57903370984741e-05,2.13037388452377,3.74128110813857e-10
"FASLG",0.0780347534516803,0.880883819992415,-0.239244348479377,0.556014143571847,-0.0663481453135208,0.892344917032266
"FCAR",0.53817354255417,0.413896870922714,2.08343470264443,0.000129770630113198,1.93912224190018,0.000708444086295304
"FCER1A",-0.484732319804242,0.509992034789957,1.14140635784737,0.0350686549364486,0.645474486041364,0.283425210248248
"FCER1G",0.290990627166044,0.434353831200456,0.803559139276128,0.00606464877098389,1.63924756697584,5.6285557972031e-06
"FCGR1A",2.14875010365534,8.68207555835166e-07,1.32647900559468,0.000622498983307462,2.89583142482612,1.90338587488929e-08
"FCGR2A",0.916447629872215,0.0296854180920155,0.23135658909947,0.563136940660861,1.62114011864612,0.000211401683905433
"FCGR2B",0.716496811312224,0.102680712493526,-0.402154412528065,0.315828574306661,0.792959224368914,0.054573961520538
"FCGR3",0.635062547501239,0.119155563010728,-0.371502227620821,0.311939014008434,-0.0929887047928695,0.834038059761035
"FCGRT",-0.724498835949501,0.0620145901176933,-0.830808161351023,0.0158950646583142,-0.608355208800362,0.10279593626846
"FEZ1",-0.163843524671407,0.528130793870667,-0.397935822386871,0.040475301990067,-0.703805941044132,0.00117151463459392
"FKBP5",0.289520167076736,0.327313266646996,1.51614865128762,1.31075354942841e-07,1.30710892474196,6.86711897787862e-06
"FLT3LG",-0.142629328083382,0.703994953702545,-0.769761765176364,0.00418508443681614,-0.332037417934224,0.254051702974442
"FN1",-0.505385266674926,0.196905882657968,-0.865319465360811,0.0079328488493864,-1.16480963201568,0.00130741158492063
"FOS",-0.969930706184476,0.0798863891190077,-2.02493720478662,9.79644965961442e-05,-0.644132644051354,0.234248523062748
"FOXJ1",-0.153581549960544,0.290449078392189,-0.177589328141669,0.135380331067293,-0.581418260519021,2.97319479043643e-05
"FOXP3",-0.306125481736998,0.290449078392189,0.467958411983647,0.0708090020902753,-0.771753430206277,0.00249371748743992
"FPR2",1.0900363564453,0.0194559918151662,3.53589777909051,3.40002974729953e-10,2.89930493599933,6.55716131193126e-08
"FYN",-0.530295779785504,0.111796047351259,-0.506085313156275,0.0816303856837438,-0.868970601931105,0.00647982752682267
"G6PD",-0.492497702224912,0.325746612418587,0.23656691352803,0.579397158707743,0.201056935900191,0.66570139285489
"GATA3",-0.585678072920959,0.248975189113381,-0.171071663415824,0.728874203173357,-0.731684909242015,0.111923098283254
"GBP1",4.26261290466102,1.30955700774123e-14,2.95838474964219,2.33143861671896e-10,4.26754141864673,4.32981627573089e-13
"GFI1",-0.53972313156067,0.442569333616107,0.183543517602937,0.777726793014066,-0.119966035416978,0.859527842448462
"GNAQ",-0.216739617261446,0.509992034789957,-0.768634153278327,0.00264951087096616,-0.690126739096439,0.0113084137439735
"GNAS",-0.0736746176945449,0.865838922659008,-1.26822868434179,6.40769705637178e-05,-1.08905676493476,0.00102013032814486
"GNB1",0.022947303895938,0.942981415938005,-0.359893260226677,0.124113394916178,-0.492522043501028,0.0516386537723006
"GNLY",-0.247914118765704,0.792806156448016,6.1142691823149,4.68458282000411e-11,1.2864916978894,0.0593974800200404
"GP1BB",0.277148286264152,0.54663956386009,-0.01187490619394,0.981532170953558,0.0845641519282001,0.841994577166362
"GPI",-0.48803443127251,0.17530558863107,0.312243853460547,0.312369259654452,-0.48533480215616,0.138701324566575
"GPR183",-0.710583371775058,0.00124218220486837,-1.51123782356193,7.74248701453251e-09,-1.57955288500506,1.15429903924702e-08
"GRB2",0.135860010852671,0.43530176745252,0.241263213528171,0.0755813137428597,0.202090772990211,0.171349584852569
"GTF3C1",-0.198036790727301,0.618886151266972,-0.51199795904562,0.0617750347902493,-0.787240926791715,0.00868636428554928
"GUSB",-0.16937198957421,0.707985396428385,0.435927900793511,0.175327587031634,-0.756239502446851,0.0282008982735249
"GZMA",-0.780418127289625,0.278504623100582,4.48498256599105,3.08797509640274e-09,-0.0751529213832605,0.923457698939682
"GZMB",-0.323503821083197,0.674267922981174,1.68261894196556,0.00257741711060718,-0.171734714028538,0.797785642562202
"GZMH",-0.398303789610775,0.626803261938729,0.432705941411649,0.486859923938985,-0.479792071110413,0.473105110623414
"GZMK",-0.899599929854121,0.0387482206141474,0.653370880338276,0.0938113629992828,-1.02077480007151,0.015396976688941
"GZMM",-0.931086818309337,0.0620145901176933,-0.450878028553072,0.356356283363768,-0.179692414668629,0.760281070842254
"HAMP",-0.153581549960544,0.625730053521616,0.014659845523874,0.96058920563374,-0.581418260519021,0.0156902929815483
"HAVCR2",0.530043722793764,0.292532727780897,2.64829935915824,6.46992747821379e-08,0.356624720585522,0.467616227014947
"HDAC3",-0.352701844089357,0.258071698415512,0.126140882415488,0.649292352044935,-0.580871740073007,0.0344409114153442
"HDAC4",0.345403341258534,0.235478284713148,0.295542262743697,0.217768108168234,1.04988234094321,0.000100537908982409
"HFE",0.100923617915072,0.806139024879242,0.621449094915645,0.0572539345938193,-0.0680694391908778,0.859527842448462
"HIF1A",-0.108464697499238,0.754512175697058,0.979979183007307,0.000150831853025769,-0.281632721581841,0.299106188379817
"HLA-A",1.18285568696751,0.56517159849588,1.26220510806287,0.428784115456566,1.46209245343493,0.393632884783795
"HLA-B",0.758970446851254,0.0899773327928663,0.478596302924602,0.227725108068701,1.28885273594776,0.00316661303834856
"HLA-C",0.650271540788831,0.201606457280388,0.731796484815829,0.081518155370512,1.62975491345976,0.000476121594457006
"HLA-DMA",0.315976333406834,0.496830600946209,-0.548743072308554,0.123066299016384,-0.320252641177595,0.424371994912113
"HLA-DMB",0.19135625744732,0.76809945428406,-0.127817473014868,0.811916454099851,0.583463330265579,0.234038356186603
"HLA-DOB",-0.0302169843287361,0.955081795474881,-0.143039291276589,0.794503862288184,-0.342354749940744,0.530840818687718
"HLA-DPA1",0.405932198254453,0.586943417097756,-0.930412434383427,0.0861497754680555,-0.207292297209097,0.755613965512817
"HLA-DPB1",-0.122612448324391,0.846976630018881,-0.469341406347816,0.305911231570186,0.229677293043148,0.66570139285489
"HLA-DQA1",-0.947087216643633,0.00383813652008663,-2.12960476390448,3.06437429293957e-08,-1.51059182380385,2.8430652078885e-05
"HLA-DQB1",-0.130551292857018,0.767959383800227,-0.822981213013528,0.00808882628235728,-0.244391160513758,0.486133939983884
"HLA-DRA",0.500777252528747,0.292532727780897,-0.0612403717969539,0.891959660383747,-0.141964993259238,0.761304764852804
"HLA-DRB1",0.404550487221282,0.323850085681247,-0.566778094887463,0.081518155370512,-0.344545461800113,0.346317712487398
"HMGB1",-0.118799883098676,0.748823796296993,-2.17784504277838,4.484404857959e-10,-1.6685016326661,3.61391332809912e-07
"HMGB2",-0.347934205682829,0.239039780640765,1.72310125633824,1.36778925403462e-08,0.0251132790902737,0.942811275103278
"HMGN1",-0.093890645830287,0.865838922659008,0.788107606938334,0.0702979800865,0.271253525561435,0.605016288623156
"HPRT1",0.187972654063939,0.63406997440581,1.44928506520436,3.52693448378082e-06,0.389008805760135,0.204109456338691
"HRAS",-0.155083411203078,0.748823796296993,0.597936990531825,0.088540979229031,-0.581975400784674,0.111923098283254
"HSD11B1",-0.153581549960544,0.394156014738719,0.0173019192457016,0.924800039180899,-0.581418260519021,0.00035458884315352
"HSH2D",1.84522101459912,2.47850004774202e-05,1.17705931891412,0.0033809760619702,2.16544709994502,5.30263209286896e-06
"HSPB1",1.51385501596566,0.00259860525885379,1.56602324937832,0.000999654510198971,1.71914998771708,0.00100463740706086
"HSPB2",-0.153581549960544,0.449302391120972,-0.0304736271578854,0.880813377231039,-0.0147703582115017,0.95526593812896
"ICAM1",0.177701055720514,0.681262624001959,1.04238641137432,0.000746648283961672,0.574355949829342,0.0765196439459559
"ICAM2",0.128540494822579,0.684717591775269,-0.666038851181215,0.00317976536383046,-0.379653403309137,0.116217642997077
"ICAM3",-0.451497367436504,0.353758657146477,0.448459335427831,0.254361650772353,0.982679977787619,0.0190079227842803
"ICAM4",-0.667312616984911,0.420143876760509,-1.95398760726923,0.00368007363994289,-1.06948331607702,0.1294144019198
"ICOS",-0.140656837674853,0.794586554903038,1.37806386104659,0.00033741626273322,-0.0619746910509296,0.898748795844945
"ICOSLG",-0.115419128776584,0.675489755687454,-0.2278590077271,0.251543116754453,-0.590852977219903,0.0056593733629954
"IDO1",2.32070918201201,4.14487797128628e-08,2.33540665850897,5.54858565095835e-08,3.00852312229195,1.92381741952272e-09
"IDO2",1.67928714112967,0.00297701260901096,0.60086533254449,0.260762327173605,2.55610594533155,2.6998242642647e-05
"IFI16",1.73856869005698,2.7639445553751e-10,0.608525252706247,0.00350240229655423,1.52605191549501,4.22457514626961e-08
"IFI35",2.28152688609932,1.5717332162238e-06,2.11541260584505,4.17544949085624e-06,3.31106306745206,3.73051507751741e-09
"IFI44",5.72439596200658,3.76273611838363e-14,3.36160721860278,1.36778925403462e-08,5.39920606272283,3.28992319079755e-12
"IFIH1",3.79974512514045,2.65808673098366e-15,2.08994757238915,6.36460640793846e-09,3.69977410249463,2.05746261452336e-13
"IFIT1",5.13469149826076,8.57108635621953e-14,2.73162483675509,1.52034172968781e-07,4.75832168282668,1.1775405460481e-11
"IFIT2",5.20247717650809,4.50294500369117e-13,2.57722531212765,1.54688515971579e-06,5.31526963078827,5.9727218450247e-12
"IFIT3",5.22641855691697,2.65808673098366e-15,3.05664229485844,1.92642762386251e-09,5.04285433487776,2.28886815480464e-13
"IFITM1",1.37151532137359,3.82069763311675e-08,1.20344757548485,4.93409440444965e-07,1.89626106971449,4.499743947635e-10
"IFNA2",-0.11579031204974,0.697555506156237,0.196736128569418,0.400406391397572,-0.140694385861743,0.600314396165159
"IFNA4",-0.181921534107141,0.35074863112609,4.97691970879899e-05,0.99969888722502,-0.609758244665617,0.000466614198797126
"IFNAR1",-0.152465653090426,0.6258537079787,-0.683182685955747,0.00270722570706003,-0.0717367832439475,0.789754541461565
"IFNAR2",0.544225713565917,0.0776071161023611,-0.309470050828305,0.268542019460096,0.380892065510141,0.197453125574278
"IFNB1",0.1359571517861,0.834767939265831,1.84539276798788,0.000455824114789116,1.19636527412044,0.0370731819585758
"IFNG",-0.317463126055795,0.542664387806669,1.26897882524205,0.00159836367013697,-0.244679747884245,0.613128561538332
"IFNGR1",-0.0476901176615332,0.935116272242926,-0.0560115070578675,0.909881248260262,0.809039369235856,0.0642216778071804
"IFNGR2",0.29575680041677,0.56517159849588,0.677098234803218,0.0720860922517538,1.838361578523,4.02321018290195e-05
"IGF2R",0.550814022335297,0.182621300431436,-0.0548338093245757,0.891959660383747,1.10462373728477,0.00410926968937248
"IKBKAP",-0.211316021842521,0.529398576935684,-0.697754094615583,0.00654560402957598,-0.695382847310996,0.0121702261095924
"IKBKB",-0.236128449277093,0.298554490909362,-0.611072160321853,0.0012687434348173,-0.550801643930583,0.00637764082500433
"IKBKE",-0.1264079264136,0.730357576595039,0.0319156996028687,0.9177575165401,-0.105980858063559,0.730944150296151
"IKBKG",0.0213726272227222,0.955081795474881,-0.167156698025135,0.610900029996974,-0.00495725044889905,0.992964842669023
"IKZF1",-0.11398746884554,0.692428650045715,-0.204809268303531,0.326984245433819,-0.21484288630222,0.342047095692423
"IKZF2",-0.57050887788936,0.290449078392189,-0.637626102788078,0.142619898024059,-0.413415699397317,0.394905996104426
"IKZF3",-0.417714605483837,0.348608875672178,-0.78438032484792,0.0249894358369737,-0.580985164675194,0.128832058960448
"IL10",-0.0407391277046223,0.888402362749893,0.525503253474484,0.0218443093752725,-0.0296709273782616,0.923803276909777
"IL10RA",0.534433280101883,0.0532793768187095,0.0423578142838466,0.887833395573731,0.371708655828762,0.166161819491791
"IL10RB",0.17135832731973,0.465471099283569,0.0686674040714905,0.739047494450715,0.318201941026203,0.10279593626846
"IL11RA",-0.705467741948214,0.0447547216016606,-1.28180716315335,0.000139764757495876,-0.945280367400466,0.0059853748654835
"IL12B",-0.153581549960544,0.297408201000596,-0.187113465697479,0.123789813637338,-0.581418260519021,3.87338093111447e-05
"IL12RB1",0.300477041850891,0.318545359799858,0.257642464036999,0.293903794572483,0.0806089643238561,0.784296227846715
"IL12RB2",-0.475880231498998,0.352793147398916,-0.242627897830747,0.579769502267853,-0.628402985808027,0.157369903820851
"IL13RA1",0.64901138977934,0.193267535498406,-0.0555347809187818,0.914507058586459,0.597059916760935,0.180021678161657
"IL15",0.45855660364317,0.216030381494505,0.680863644031342,0.0235245258176709,0.247480545072404,0.474695094481173
"IL16",-0.655449236356402,0.00393730020159937,-0.29525696175123,0.161306961650353,-0.22974407749248,0.322066880377534
"IL17A",-0.153581549960544,0.704688628211451,0.245360533705691,0.451806497167899,0.0782691639416369,0.842764009205618
"IL17B",-0.153581549960544,0.326978782789165,-0.141607755902041,0.275430538059717,-0.581418260519021,7.45258904953511e-05
"IL17F",-0.153581549960544,0.393770106500653,-0.0165422220837979,0.926565057655268,-0.581418260519021,0.000345567095592641
"IL17RA",0.374780873171492,0.323850085681247,-0.0867972965874024,0.811916454099851,0.854110222892178,0.00973318995099554
"IL18",0.161428286881202,0.748823796296993,1.67220808610829,8.32349329274364e-06,0.64140887143552,0.0902708844588212
"IL18R1",0.0322884676556772,0.935116272242926,1.43746833646065,2.48435816850039e-06,1.18510402548771,0.000148486609391986
"IL18RAP",1.14715956081247,0.0061729929583971,2.35211538154681,1.78036645268392e-07,3.176732939807,1.92381741952272e-09
"IL1A",-0.153581549960544,0.785793152006845,0.881116753841331,0.0526769558526586,0.156152871421449,0.775289100440197
"IL1B",1.90697361261952,6.05881659386094e-06,0.527837232608919,0.165444998778945,2.53591717260727,1.21650906426581e-07
"IL1R1",-0.592323037863968,0.207411049386674,0.440123628661346,0.249760760704306,0.097697594387232,0.834998980703457
"IL1R2",-1.32958539776548,0.118186124341133,2.12602687208844,0.00352989851628012,-0.37916792101479,0.661254495437812
"IL1RAP",0.177658102914608,0.72366132927347,0.19842133399929,0.60854953265716,1.13793598137041,0.00355239094878803
"IL1RL1",-0.559975008304469,0.1845648983517,0.365984030169087,0.35950244030217,-0.550178070350491,0.167975326135034
"IL1RL2",-0.0920971125925325,0.877230506390477,1.26138973259149,0.0131519530434508,0.385723829854282,0.514639550350316
"IL1RN",2.00159532787366,1.81321164415355e-05,1.4943388517587,0.000577234032883198,3.11599172199722,2.05907291824007e-08
"IL20",-0.153581549960544,0.565217312703319,0.0352269293865781,0.887833395573731,-0.449524219464934,0.0405617376699927
"IL21",-0.109653345102029,0.675798993212759,0.307447265629205,0.125959395714427,-0.438635980980582,0.0326336953899314
"IL21R",-0.552919171935325,0.206177925140438,0.410898214475892,0.249760760704306,-0.401930081983991,0.308699235630134
"IL22RA2",-0.153581549960544,0.807430421793065,1.19763739442175,0.0251119120276992,0.233567264308657,0.717130555993825
"IL23A",-0.720837190915092,0.0510423408580029,-0.0886004596948107,0.833621099637051,-0.803176272978639,0.0282192281257002
"IL23R",-0.120564345113245,0.518974129505899,-0.333191012874151,0.0184586039660312,-0.639061131531411,0.000101558803356791
"IL26",-0.0414558441462942,0.930668242858987,0.512155446590857,0.152278339949169,0.219411735294837,0.613119308487168
"IL27",0.230430169682283,0.449302391120972,0.212093434760967,0.400155789377887,1.13433308204819,0.000288360529711579
"IL28B",-0.165754507210368,0.705180191402163,-1.01227692129877,0.000767590423274681,-1.29929718283978,8.91813186435538e-05
"IL29",0.051193592279807,0.919702100030896,-0.965769329444742,0.00305426542984967,-1.15710544553673,0.001200451615687
"IL2RA",0.15638527911237,0.748823796296993,2.23144576926512,1.84980497267923e-07,0.443954591214613,0.294890358717049
"IL2RB",-0.80197001011695,0.0447355715225616,0.511277480674035,0.148197029333913,-0.545755776826875,0.156417732825663
"IL2RG",-0.513963141524679,0.154252200282934,-0.132883677770778,0.699779868512125,-0.510353452653121,0.12650517997542
"IL3",-0.153581549960544,0.460805799583008,-0.0488206841196579,0.804884951828018,-0.581418260519021,0.00116181304757688
"IL33",-0.186032419960251,0.806139024879242,1.4617076711462,0.0158950646583142,0.32613535572283,0.662372923910617
"IL4",-0.14696365341231,0.672747182106002,0.150200043384539,0.593006531617878,0.133496433074292,0.685639927959252
"IL4R",-0.0577477703466105,0.875163312049262,1.1381504735723,8.16943638694967e-05,1.12902500805496,0.000261644739826084
"IL5RA",-0.617333967092721,0.270769547775279,0.638669229836062,0.224890865251242,-0.0140667037894193,0.985653141850002
"IL6",0.0787853363734099,0.888402362749893,0.384146148093338,0.39250651458693,-0.0348769534350124,0.957722322302848
"IL6R",-0.377163558182997,0.402608938268729,-1.09602867209567,0.00280844822958835,0.807199346622326,0.0344665446867884
"IL6ST",-0.115459804158869,0.663599973202082,-0.717634419265823,0.000267258414205659,-0.562218791273112,0.0061058868934527
"IL7",-0.604954148585402,0.107378848598083,-0.498001042972954,0.130218493236,-0.607621413578442,0.0863526598399895
"IL7R",-0.409164561547936,0.259934048158779,-1.53847137746858,3.02038817113716e-06,-0.922444803214683,0.00437804137902024
"IL8",-1.81222735373622,6.12584237495829e-05,-1.4894760425421,0.000460639756183643,-0.500386750779992,0.269934256672329
"IL9",-0.151429786229677,0.798505380009673,1.60106421663688,0.000771862528078142,2.0260448005685,0.000143308437407835
"ILF3",-0.20707777593752,0.441576545970696,-0.0149237585368382,0.957387091792913,-0.707624406468027,0.00228859970945574
"IRAK1",0.104177518459291,0.748769270880937,0.20572648280857,0.370155776983534,-0.133681198763396,0.61227369321031
"IRAK2",-0.159165313827987,0.631183837836564,0.279221056416082,0.23588663661755,0.1039943883232,0.710276801970536
"IRAK3",-0.336492615826254,0.565217312703319,0.9158743295154,0.0332102150132363,0.947601506188231,0.0455058944754156
"IRAK4",0.124448511670643,0.530786953106,-0.00228505128037249,0.992159515102892,-0.16368197338848,0.326007057821706
"IRF1",1.52769899156454,3.36416820325302e-07,0.502068946608738,0.0445383004316922,1.51188066528758,2.10757738569113e-06
"IRF3",-0.0665684076232722,0.848813221917281,0.169318134900609,0.522125101042106,-0.462522629183706,0.0848603816885466
"IRF4",0.0330405235214126,0.935888936853,0.661888706219509,0.0232624020834239,-0.072917897512542,0.841994577166362
"IRF5",1.11370786829801,0.00173050269631067,0.567603065145659,0.082315668640081,1.6505859999793,1.74298837813079e-05
"IRF7",2.57542051541189,3.21616524347514e-05,1.9246433898987,0.000803416020707494,3.90253917376134,1.07805685793625e-07
"IRF8",0.503091397941024,0.0376402081058617,-0.649646838026637,0.00350240229655423,-0.212908203865547,0.383927357727803
"IRGC",0.062890371622875,0.863821816809916,1.15134700954666,0.000154633801669132,1.06998095492583,0.00125335367689826
"IRGM",-0.128377391596803,0.785793152006845,0.791286395950446,0.0350686549364486,0.536852608287753,0.216194330994371
"ISG20",2.39513604096219,7.53161828362116e-12,1.63595589791566,5.98639732135547e-08,2.1730906360012,9.69658893216232e-10
"ITGA2B",-0.145957417736133,0.748823796296993,-0.95121161834283,0.00293299363791063,-1.05258168254389,0.00252615099460835
"ITGA4",-0.213092954198814,0.443365878138787,-1.15158178766898,2.12698407711112e-06,-1.02386864700787,4.9996513988695e-05
"ITGA5",-0.103389727767505,0.785793152006845,-0.656130095592394,0.0119643955590187,-0.14255147563181,0.648494613044191
"ITGA6",-0.314263208077858,0.213773953822924,-1.11483586314642,2.87858546802366e-06,-1.17508936323518,5.95598986569687e-06
"ITGAE",-0.232360618583159,0.127596154265343,-0.1730708787467,0.20669686552819,-0.660197329141636,2.8430652078885e-05
"ITGAL",0.186751234121319,0.672747182106002,-0.478836206201523,0.125908492437587,0.0366901538300954,0.933434272769886
"ITGAM",0.901183828079477,0.00590386047739289,1.481205888566,8.2321563882877e-06,2.03908757477675,1.77562397815925e-07
"ITGAX",-0.531431929367169,0.0797864126860368,-0.430777410217785,0.105898750804117,-0.523117724856923,0.0693587437943271
"ITGB1",-0.25378615130747,0.394156014738719,-0.893768136005667,0.000310457415064614,-1.15756767795423,3.76343029885438e-05
"ITGB2",-0.417777574034142,0.140106530274361,0.153292683942617,0.554739482443078,0.320264378958043,0.228545575949823
"ITLN1",-0.0228597011829175,0.944656518220822,0.0481814030521655,0.880813377231039,0.326548057236059,0.248271525267697
"ITLN2",-0.112786825442511,0.748823796296993,0.572443108451748,0.0349592941176068,0.77648111743388,0.0154211485165884
"JAK1",-0.137497433191049,0.660552505041185,-0.572743906169313,0.00906503910538342,-1.04252197149552,5.48104710997227e-05
"JAK2",1.44893506622687,3.36416820325302e-07,0.163777022122355,0.522125101042106,1.79926078163636,3.61894532502852e-08
"JAK3",-0.056078021129375,0.885721741041033,0.670557314239716,0.0151155345549488,0.501209072263215,0.0946251391557947
"JUN",-0.550275471314097,0.0899773327928663,0.731434724807496,0.0104108914907042,0.125297950865274,0.721536997881882
"KCNJ2",1.01297515892446,0.0290867525574527,0.382924672455527,0.374586693405939,1.74477945510599,0.000243919893738586
"KEAP1",0.342355634182448,0.288491038164392,0.731932820538721,0.00624683762699914,-0.0633966844652525,0.842764009205618
"KIR2DL4",0.0435957927207795,0.895230570208261,-0.588548688358637,0.00924468264463621,-0.964472980658129,0.000164681843192626
"KIR3DL1",-0.177106006513363,0.465471099283569,0.00029352383752812,0.99969888722502,-0.484034202597985,0.0187531402776426
"KIR3DL2",-0.462428742683555,0.257947287241661,0.384884319418955,0.239083795052355,0.28411130597579,0.435678508726353
"KIR3DL3",-0.090675023152583,0.748823796296993,-0.0649470032862203,0.78223700881857,-0.33634337775004,0.128084221274396
"KIR3DS1",-0.869781345079067,0.0929265114860743,0.081349313816304,0.887833395573731,-0.127382014912555,0.828024376466947
"KIT",-0.506848533914522,0.0247731476336726,-0.0562891497908424,0.821843580180535,-0.934685244472998,6.4373816620857e-05
"KLRB1",-0.887067720006895,0.290449078392189,0.509560481739229,0.486859923938985,-0.175494947506819,0.840444078294335
"KLRC1",-0.664601537609537,0.238654334416006,1.39885836597303,0.00211117499835054,-0.355155591738475,0.496041531924083
"KLRC2",-1.19712819441645,0.0537312354360744,-1.284275808275,0.020125475135596,-1.34871020942655,0.025246803991826
"KLRC3",-1.11233986462005,0.00139237387088571,-2.16545336554362,5.33321861090917e-08,-1.14494594364638,0.00116181304757688
"KLRD1",-0.339696792410846,0.63406997440581,-0.0442455126052401,0.948348940574019,-0.2688983437251,0.661254495437812
"KLRF1",-0.543511314346256,0.265294440135968,-0.451683776974658,0.259956603409034,-0.758524121500903,0.0768890656717647
"KLRF2",-0.0696257939206317,0.91501595715823,1.9800710676499,0.000156851404305267,0.959452456708337,0.0931748145235069
"KLRG1",-0.542383642394764,0.352753107076383,-1.20233722767007,0.0105171295590665,-0.731966256618361,0.147467705769846
"KLRK1",-0.83205647079776,0.0948722322732407,-1.45309925201609,0.0012687434348173,-1.44817892144311,0.00284238935068746
"LAG3",0.28718974719369,0.658895970388242,3.51530859572226,1.37337107178839e-09,0.944710862999163,0.051429676857244
"LAIR1",0.195535100607833,0.497928839296027,0.413031925949699,0.057322893722527,0.608642549278068,0.0104817367368295
"LAIR2",-0.153581549960544,0.352753107076383,-0.0210006768772821,0.896431287024094,-0.581418260519021,0.00013781341790806
"LCK",-0.488632756640669,0.281701197719338,0.961205359213894,0.00794883625400859,-0.314745658916893,0.446051260599751
"LCP2",0.681307988757075,0.00451944639386133,-0.154460266376462,0.509185963771214,0.623787391994309,0.0102091016920365
"LEF1",-0.82268555128655,0.0122557501350573,-1.4119183403671,1.76560945383864e-05,-1.08939921067097,0.0010530636549215
"LGALS3",-0.610770106483132,0.0135784007410815,1.13706445959556,6.70609318255355e-06,-0.889451692223624,0.000454804517016137
"LIF",-0.153581549960544,0.323850085681247,-0.0683849334835998,0.625758704040364,-0.581418260519021,6.90654987417063e-05
"LILRA1",0.476566839668937,0.235772017197308,-1.22364831180326,0.000455824114789116,0.0160769985103411,0.974168373155662
"LILRA2",-0.082092823059245,0.922608282291091,-0.190983077006203,0.780646950763533,0.704013350902352,0.268804647412157
"LILRA3",0.532104908356226,0.352753107076383,1.69454069408134,0.000333479740344326,2.94500078804675,4.59457171772628e-07
"LILRA4",0.676523084081895,0.032251547523856,0.376233147684583,0.187248828637753,1.02264945939189,0.000983145769967109
"LILRA5",0.16284473575075,0.785793152006845,1.32038234287706,0.00149021623690491,1.81733365740862,9.80978666878867e-05
"LILRB1",-0.0425363612205825,0.962954206541659,1.26591670879041,0.142821054829076,0.313800765305819,0.768566962094227
"LILRB2",0.169969068440282,0.692428650045715,-0.720624856456315,0.017530878609284,-0.170885063006025,0.634406968863326
"LILRB3",0.0299844832558138,0.955081795474881,1.09926411672723,0.00891753144738987,2.00599999488668,3.87338093111447e-05
"LILRB4",0.630059076357496,0.0349762634191913,-0.829541234026485,0.00076711046720408,-0.237554135894338,0.431400465461539
"LILRB5",0.13979408970142,0.702633844170685,0.199411092633166,0.484040354430563,-0.247062159419779,0.412515415598851
"LIMK1",-0.443502926709265,0.105597396921856,0.401508556035793,0.137788463708044,0.440894472838103,0.152545564358057
"LITAF",0.14205045141575,0.698618252804702,0.812080545620292,0.00216422515832628,1.55222914559806,2.10757738569113e-06
"LTA",-0.153581549960544,0.298554490909362,-0.19407005039884,0.109862610627713,-0.581418260519021,4.02321018290195e-05
"LTB",-0.647074365704702,0.0051019530716319,-0.554942187912108,0.00874388723992769,-0.0109564029154381,0.974168373155662
"LTB4R",0.304983850123529,0.449302391120972,0.38115789505665,0.227725108068701,1.24423882354521,0.000311277530962218
"LTB4R2",-0.204086931826295,0.323334677365992,0.0126698864829562,0.957387091792913,-0.27651616198153,0.144339948188952
"LTBR",0.857685553894512,0.00153670410167375,0.454781864970682,0.0633745303247625,1.22849542995341,2.74494497417349e-05
"LTF",0.166116447378865,0.875163312049262,1.59383125152906,0.0241314143926845,0.662443912198725,0.41781921166285
"LY96",1.22119186320559,0.00176041336262667,0.792800065018473,0.0257841635082132,2.12032319280191,1.89522951383613e-06
"MAF",-0.261562096389408,0.358143278397417,-0.548016217458506,0.0163561353687956,-0.482611655998618,0.051429676857244
"MAFF",0.109316924171323,0.748823796296993,0.764564722675699,0.00237809526262708,0.300553210415728,0.281220840820298
"MAFG",-0.0863707834739307,0.751631315658618,0.202751545012946,0.296150820690268,0.211165979327951,0.312358931356915
"MAFK",-0.343963646931804,0.259982785265001,0.173170933422644,0.550621274695432,0.110621924549553,0.751499685271003
"MALT1",-0.276525801981693,0.295024666549293,-0.947692109457861,4.29777216475883e-05,-0.618864105833909,0.00814189851303763
"MAP2K1",-0.0197813600662249,0.955015072372681,0.140740249046043,0.616287541318664,-0.524732439479613,0.0621664065829221
"MAP2K4",0.0787125619425755,0.805534302030722,-0.301316002779435,0.184885816694125,-0.204217699269799,0.424371994912113
"MAP2K6",-0.156960993440267,0.630081314648077,-1.0407406323239,4.29777216475883e-05,-0.758642563942257,0.00319763709402034
"MAP3K1",0.00438005526098806,0.978121763699471,-0.891219755631543,7.67823731615652e-06,-0.351790434960328,0.0693587437943271
"MAP3K5",-0.030879824637104,0.875163312049262,-0.469901634542271,0.000815400923877687,-0.266938166326385,0.0693587437943271
"MAP3K7",-0.100414755505034,0.72366132927347,-0.758037419477583,0.00033741626273322,-0.504745113122671,0.0199447865827399
"MAP3K9",-0.091381959368773,0.771663728778545,-0.191655859421552,0.40877335481493,-0.646480555908648,0.00686672181904634
"MAP4K1",-0.176003853393681,0.697555506156237,-0.041553000968694,0.916238527022045,-0.586106872536575,0.0915087321138959
"MAP4K2",-0.334710715026308,0.221744623978664,-0.274499334900585,0.227725108068701,-0.578984298194394,0.0177685907364914
"MAP4K4",-0.337459194613388,0.674267922981174,-1.89362970372344,0.00111296977733377,-1.4877816287325,0.0154334487601547
"MAPK1",-0.530338268715733,0.00162723263897661,-0.244780748447839,0.112328702267893,-0.718002887574585,6.77426824537082e-05
"MAPK11",0.0192983349108262,0.955081795474881,0.338980938453111,0.225622586356194,-0.544349477081766,0.0517835968789531
"MAPK14",0.351961185948611,0.238654334416006,0.200715598391501,0.434111835666266,0.692928203308308,0.00839164373038663
"MAPK3",-0.07663320863435,0.810989540694843,0.491175720463245,0.0322079966627412,-0.120323944691695,0.662372923910617
"MAPK8",-0.231391429833965,0.625730053521616,0.134674812517669,0.719502017530437,-0.437866776843187,0.227251946514436
"MAPKAPK2",-0.119155191366884,0.705180191402163,-0.0507062983074391,0.852578627904349,-0.340928404745341,0.162761407503643
"MAPKAPK5",-0.0887326357467755,0.722277534860969,-0.509198379323474,0.00378136275096939,-0.276437508469346,0.140549252122147
"MASP2",-0.153581549960544,0.791909033041638,0.797583282507368,0.0861497754680555,0.297615667191542,0.594791205011834
"MAVS",-0.21504723133503,0.369683425059658,0.101462105743963,0.649292352044935,-0.228101049085313,0.315222705488005
"MAX",0.350050938367719,0.113437251324707,-0.761561800763291,0.000156851404305267,-0.241687424550257,0.254051702974442
"MBL2",-0.109653345102029,0.796184882210934,0.469751974932233,0.160865991377362,-0.326927774979008,0.344283718102812
"MBP",0.164921957075161,0.663599973202082,-0.475291259201189,0.0640618812624538,0.584043629350874,0.038161033709794
"MCL1",0.565674932208864,0.0172939269829638,0.0152627355275676,0.957387091792913,1.08249468422197,2.68277888096879e-05
"MEF2A",-0.247080842275835,0.352793147398916,-0.481886150566363,0.022943811614162,-0.4244628503233,0.065138179935229
"MEF2BNB",0.0903021159275017,0.754512175697058,0.0823307461061447,0.72744012925297,0.3248808110087,0.199913496754883
"MEF2C",0.310807033859009,0.238654334416006,-1.07083933886503,3.00797145394289e-06,-0.44861444892667,0.0575114680650416
"MEF2D",-0.26448425991774,0.131725274960179,-0.717796334516096,1.78216249292685e-05,-0.796053932820283,1.48299580231195e-05
"MIF",-0.264293433123516,0.352753107076383,1.00087345705551,3.51828170722022e-05,-0.299478977584933,0.22628214772143
"MKNK1",0.728389248350526,0.030312278747951,0.0887246537503046,0.806479467432814,0.401381820619144,0.220934283980234
"MME",0.37570309342383,0.482037969615857,-1.01673791635635,0.0135511694644605,-1.09579991046288,0.0149628487447707
"MMP3",-0.177106006513363,0.391298613761205,-0.127516921933742,0.471526687467724,-0.414969023439646,0.0227633480385672
"MMP9",0.0524895698503691,0.935888936853,1.41580324103074,0.00338971331652477,1.15444364475219,0.0262431161632163
"MR1",2.77669843487127,1.04704676385434e-11,1.71475142906015,6.99621799887651e-07,3.13795719599007,1.1775405460481e-11
"MRC1",0.0233604469902824,0.955081795474881,0.783281437783971,0.0446348935831455,0.930916648115466,0.0403291385551187
"MS4A1",-0.0314321609002732,0.961651549459761,-0.560461173197187,0.360844695914498,-0.733594307905648,0.255364484533758
"MS4A2",-0.234223760841568,0.702360477533525,1.11461475755339,0.00810834609124502,0.114967478412969,0.828024376466947
"MSR1",0.529305527397787,0.122959619145584,-0.123384407661522,0.692399017279478,0.667494592499287,0.0634195473458961
"MX1",6.06498653139857,8.42140848530565e-17,4.09454465691594,7.97695498131928e-12,5.81156914691113,6.11392405006383e-15
"MX2",3.99825052296656,1.61891864617033e-13,1.91553386780008,1.31763987525361e-06,3.29850027845249,3.29856399189591e-10
"MYC",0.0312061195872984,0.932716847633098,0.0138139098655365,0.966431446998104,-0.550845619277906,0.0428966407847757
"MYD88",0.718786302462457,0.00672915422301426,0.152986297307498,0.558485252262435,0.678208578286316,0.0102091016920365
"MYL2",-0.0585597936710514,0.875163312049262,-0.935500174414023,0.000247804140910667,-1.16841132234271,3.79613835155875e-05
"NCAM1",-0.0628867439897505,0.814471784968274,0.341594508313852,0.103241355205806,-0.0100513364179164,0.974677792890123
"NCF4",-0.0999839382006602,0.815471319246303,-0.0521848093563531,0.888264542309307,0.593864377877635,0.0772595893128394
"NCR1",-0.737985098761852,0.0435108143041138,0.0147014572476882,0.976921287764977,0.682348334039888,0.0676833096893283
"NEFL",-0.153581549960544,0.606380366986533,0.104207646758272,0.671956072329745,-0.297626353254524,0.21915724538856
"NFATC1",0.187030568170444,0.470739588556283,-0.185208553676016,0.371876906353092,0.17388975071493,0.436893082633573
"NFATC2",-0.091999512765276,0.870026553792757,-0.704465484372476,0.0688697305010975,-0.584932154666377,0.161132920092905
"NFATC3",-0.561499938453974,0.0621522572738208,-1.18210179977609,4.75984140054694e-05,-1.19189522751333,0.000129520857625368
"NFE2L2",0.531024469493651,0.0364787056871663,-0.0979573379650507,0.699779868512125,0.476234282698092,0.0517835968789531
"NFIL3",-0.340079862582308,0.511752662450773,1.19846104501319,0.00231597524839118,0.877923625047007,0.0353236368573695
"NFKB1",-0.0402120641083492,0.877230506390477,0.148512636561435,0.453209180631667,-0.320504979443747,0.116217642997077
"NFKB2",-0.0395378053930031,0.919702100030896,0.205696143931672,0.467668049859714,0.0274226638861563,0.943417092356971
"NFKBIA",0.269985412616078,0.388446829729716,1.57685213698901,1.43542806644545e-07,1.65170400811281,3.08011005917624e-07
"NFKBIZ",-0.084696195409256,0.796184882210934,-0.240616619916379,0.306907097133097,0.544072703088109,0.0270217864538947
"NLRP3",0.357042082788416,0.369683425059658,0.859562959619042,0.00629267442502451,0.66195577918519,0.051429676857244
"NOD1",0.158796007224637,0.769943133629001,0.75093010361948,0.0419663139580927,0.919937571630723,0.0208490095344514
"NOD2",0.597930137545644,0.0296854180920155,0.35160898890719,0.155822062088332,0.86969667633929,0.00132791036374354
"NOTCH1",-0.443938164996239,0.213176312698063,0.327263013509695,0.265059544461357,0.36349943621749,0.248271525267697
"NOTCH2",0.00913577941131649,0.961651549459761,-0.94158311302431,2.12698407711112e-06,-0.144759489990298,0.469009014894032
"NOX1",-0.153581549960544,0.751631315658618,0.512323595204233,0.184885816694125,0.109231809264628,0.822996316031541
"NR3C1",-0.0954354729608262,0.785793152006845,-0.614141335475001,0.0117336592383297,-0.557905579452914,0.0353236368573695
"NT5E",-0.246366080864781,0.434353831200456,0.618689329275089,0.0251155579393335,-0.00294330869296378,0.994654709570833
"NUP107",-0.141808589937003,0.694589714569506,0.0323159180893517,0.916853707721989,-0.686276647818905,0.0133211836752396
"OAS1",3.73496860440317,2.3123277048395e-10,2.41970459501352,1.31763987525361e-06,3.94907915329567,8.25633044549074e-10
"OAS2",4.37917469961099,6.30750401533326e-17,2.71287632365052,3.53316552574207e-11,4.18202071940928,6.11392405006383e-15
"OAS3",4.57843113177656,3.76273611838363e-14,2.96504034706389,1.98477775856598e-09,4.47150188786954,1.35761694002664e-12
"OASL",4.96094603264934,5.34706913174596e-17,3.92268485969814,7.26082648960432e-14,5.1297746946366,1.24781135378528e-15
"OAZ1",-0.293204672576511,0.513235356835065,-2.13562439027211,1.4626739708948e-07,-1.70042799433404,2.68277888096879e-05
"OXER1",-0.443777068953374,0.0510423408580029,-0.313448818356814,0.134714026652243,-0.55777182569478,0.0150966521790573
"PAX5",-0.356931807689522,0.201606457280388,-0.693550428473683,0.00270722570706003,-0.520381328959726,0.045414233076064
"PDCD1",-0.339705595203924,0.625730053521616,0.972396252496498,0.0447490896386054,-0.0447123042626041,0.952635559319248
"PDCD1LG2",0.758739439466739,0.00366194980066184,0.972257998330349,0.000154458101274019,2.01482458792693,2.23412454007651e-09
"PDCD2",-0.257476540135254,0.482037969615857,0.544723480128012,0.0446348935831455,-0.000796951948164093,0.99742257547357
"PDGFA",-0.0767825707057472,0.805534302030722,-0.293888719065059,0.179398686788622,-0.835545945753458,0.000431831170817292
"PDGFB",0.0331832690342102,0.941586046865439,-0.088437321880332,0.819181796338998,-0.0474422444482077,0.920732373989551
"PDGFRB",-0.153581549960544,0.525350208110121,-0.222364607015365,0.234040957234122,-0.162178361553407,0.468862107445613
"PECAM1",0.0331443271462586,0.919612345234984,-0.290761497058845,0.195315221185472,-0.162197543811889,0.526008997385105
"PIGR",-0.153581549960544,0.358143278397417,-0.0629162310515525,0.681781301426369,-0.581418260519021,0.000165450458057843
"PIK3C2G",-0.345394341396932,0.439106329842755,0.152784668755783,0.72157194651194,0.0992274190487503,0.841765477176111
"PLA2G2A",-0.0651888825059981,0.877230506390477,1.00134979185516,0.00549589175326299,-0.289426237985205,0.431484029448588
"PLA2G4A",0.578762652270945,0.013567097095789,0.731461122004516,0.00076711046720408,0.372030132128579,0.108373189502257
"PLA2G6",-0.2812329864989,0.238654334416006,-0.131693644636217,0.543386217098035,0.264648819655624,0.293044986270103
"PLAU",-0.207629750666532,0.434353831200456,-0.102390607066168,0.663753405558641,0.814979131274871,0.00338881651854438
"PLAUR",-0.558807246338222,0.397498626953178,1.95332539447148,0.000256310395034625,0.74740986574079,0.177606766481956
"PLCB1",-0.176755817929077,0.670560330675495,-1.42444679263261,1.87448512275646e-06,-1.57263813675385,1.18788292848143e-06
"PMCH",-0.135937408575924,0.813515382639858,1.3252585217814,0.00680867084048604,0.316389104530781,0.585501188848349
"PML",2.55442005330892,2.97049275233556e-08,1.94797454108923,3.89694141869337e-06,3.22641310520253,1.26828588778197e-09
"POLR2A",0.181540438460138,0.501813100379031,-0.466103714369879,0.0220718379841068,-0.282421757753303,0.206928971241323
"POU2F2",0.349480949294671,0.391151919216981,-0.432490710317492,0.169446618229939,-0.247113268114937,0.509092696981453
"PPARG",-0.153581549960544,0.748823796296993,0.638003442778595,0.0862791080636591,0.0181789318984231,0.974168373155662
"PPBP",0.011652451661174,0.973131066090459,-1.49577898551829,1.44860286823948e-05,-1.36077122607049,0.000167715339200422
"PPIA",-0.122239725193545,0.746918042566858,0.962038258253823,0.000381050834995581,-0.312310972048881,0.273654559425383
"PPP1R12B",-0.124936143969941,0.774657098814674,-1.04559891001206,0.000504091063201875,-1.12302174676442,0.000662036117231285
"PRDM1",0.625626554406143,0.024851546661075,0.22815003104115,0.381796006876584,0.494922718693212,0.0676245394712287
"PRF1",-0.315945976109958,0.64173081000834,1.55260818913762,0.00200450560908015,0.168324156382976,0.777555134128729
"PRG2",-0.279980937384766,0.625730053521616,1.02710750367278,0.0254839948768922,-0.766179746053672,0.0764278247379771
"PRKCA",0.0698317849569952,0.818516189326127,0.0379100936201198,0.887833395573731,-0.160728715327845,0.54138155743417
"PRKCB",0.282282143524311,0.247841389688769,0.216114308753328,0.28592571582257,0.048226651881313,0.842764009205618
"PRKCD",0.460447920157117,0.148448677759057,-0.256085029758852,0.369618901329724,0.0217919794193513,0.957722322302848
"PSMB10",0.604482707178693,0.0408939169628183,1.36916571467997,3.24652747146342e-06,1.2499764268177,4.72615801641618e-05
"PSMB5",0.121185890522774,0.697555506156237,0.763990781983191,0.000679805902999954,0.521169392728029,0.026602474960537
"PSMB7",-0.163579339305416,0.56517159849588,0.359702341687512,0.0846176579412275,-0.488831754899035,0.0315619232284385
"PSMB8",1.14090169800136,2.36285553507557e-07,1.06926000819892,7.41429669827765e-07,1.30253540316201,1.21650906426581e-07
"PSMB9",0.849019874457641,0.000474710315698778,1.08060681787973,1.09390449019882e-05,1.18682827792116,1.319890250514e-05
"PSMC2",-0.0476722320756302,0.877230506390477,0.211259963469036,0.368152067205798,-0.675665977191027,0.00631763338388524
"PSMD7",-0.124217877736138,0.660552505041185,0.337106418279207,0.0861497754680555,-0.534635258298939,0.0133211836752396
"PTAFR",0.188990172588779,0.754512175697058,0.227967304832989,0.625758704040364,1.28093625816135,0.0061058868934527
"PTGDR2",-0.273427845405583,0.0588500625241752,-0.340597592741942,0.00874388723992769,-0.701264555964059,7.85359173930837e-06
"PTGER2",-0.365136891550387,0.0903254785832966,0.0138012478935376,0.958834456783834,-0.518352733881278,0.0145167039506952
"PTGER3",-0.827267094879976,0.0459784865110796,-0.308306606329491,0.450402474792142,-0.34627246202668,0.433540558873517
"PTGER4",-0.0983894194891821,0.740465478013677,-0.22601674120277,0.275430538059717,-0.487167304899337,0.0276906841680313
"PTGFR",-0.0878270009950279,0.885910819529761,1.17135472400107,0.0218443093752725,0.874483493505536,0.132327089274923
"PTGIR",0.159014958861848,0.672733552188979,-0.530465472052791,0.0301952488479632,-0.0475583890915559,0.893671010364167
"PTGS1",-0.125945506022779,0.736408344264314,-0.376741797530994,0.148717874794975,-0.228559035578496,0.433540558873517
"PTGS2",-0.883746244176209,0.0447547216016606,-1.42646305157135,0.000504091063201875,-0.303795173699791,0.496041531924083
"PTK2",0.237028287458275,0.482037969615857,-1.49734226137269,7.41429669827765e-07,-0.566535710124139,0.0427861279698644
"PTPN2",0.35287683563803,0.158387522886491,0.0863024074492529,0.72157194651194,0.11700075789215,0.645175517733107
"PTPN22",-0.838866553212329,0.00549559970068368,0.0978429645140029,0.756819328221973,-0.581495214438283,0.051429676857244
"PTPN6",-0.409543302298824,0.272261090060521,0.243132124711751,0.438041556406832,0.75226548709062,0.0187111380444924
"PTPRC",-0.146526680812361,0.618886151266972,-0.470535619840376,0.0216200901011379,-0.316176997243316,0.160621566059199
"PYCARD",0.556820769691466,0.00393730020159937,1.27781396261408,1.36778925403462e-08,0.864510542304849,3.8471356750232e-05
"RAC1",0.154244494611117,0.658895970388242,-0.651044429827115,0.00827783096140735,-0.707914733790393,0.00849488492187255
"RAF1",-0.346390995873067,0.116682606131332,-0.233163031994586,0.227862701442461,-0.0217865514591331,0.935237654353197
"RAG1",-0.339948560504587,0.511518586016213,-0.322756320716976,0.447061648906401,-0.509009036125149,0.254136276384916
"RAG2",-0.153581549960544,0.629448465179598,0.180928613704909,0.476480719982743,-0.346468451151683,0.172149065191851
"RAPGEF2",-0.0383877775153243,0.942981415938005,1.41819537393093,0.00126626123062596,1.23935473823381,0.00930282507452247
"RARRES3",0.774866243009209,0.000195306884047391,1.35294501460989,1.70747920021218e-08,1.08654160296554,3.64325662952728e-06
"RELA",0.0447496277030908,0.874528872175774,0.403033500193001,0.0318692199682287,0.583552686815507,0.00454469810527477
"RELB",0.144752108704839,0.72366132927347,0.790700763545897,0.00812233691347196,0.517997973776585,0.117888202984239
"REPS1",-0.3100112272406,0.290449078392189,0.048316291795059,0.867527361970422,-0.33423321590068,0.190928559183823
"RHOA",-0.0581602961019616,0.807255044534296,0.134107074430334,0.463828903948816,-0.252075640448945,0.180450259544408
"RIPK1",0.606934410530399,0.0460700057682985,-0.0280434196522403,0.934479330806024,0.0709863511813555,0.834038059761035
"RIPK2",0.993286741410189,0.000577259846243496,0.180885928356759,0.526846225978797,0.582521477823052,0.0405617376699927
"RNASEL",1.45894249615259,7.70965726885086e-06,0.478762853834788,0.105138055177015,1.12800113934761,0.00052162470741169
"ROCK2",0.372410972499812,0.0496113421215494,0.00173493725430696,0.99541138529144,0.490196041791218,0.00757785727138976
"RORC",-0.153581549960544,0.499258898737213,0.0848830774107059,0.671956072329745,-0.581418260519021,0.00231755678812161
"RPS6KA5",0.164884587587997,0.516437518278182,-0.736383773058414,0.000313824400144967,-0.540035425747005,0.0107234931293896
"RUNX1",0.0626146415291053,0.865838922659008,-0.656162317013761,0.0103332804608072,-0.0112006632550514,0.975857177373195
"S100A8",1.11624271854085,0.0557398644559605,3.47476137000861,7.46764556098858e-08,3.16085865640093,1.97579692327231e-06
"S100A9",1.21112821054881,0.0240267599021024,3.04720948483815,1.52034172968781e-07,3.15576017609362,4.3159894198635e-07
"S1PR1",-0.519649459446482,0.030312278747951,-0.361801953958873,0.0901771769970435,-0.817619380655472,0.000690822109170417
"SDHA",-0.0771375256216462,0.76102987109842,-0.201431416991355,0.266167692763398,-0.454209086402138,0.0189615732927561
"SELL",1.10645036645039,0.000208938204318569,1.024221621098,0.000332321396473397,1.58688476057708,3.09833638823255e-06
"SELPLG",-0.131115326015468,0.792806156448016,1.04792783163606,0.00281459452458567,1.84790832264096,1.07399482011196e-05
"SERPING1",2.79247447457965,7.62846495994488e-09,3.75688088529645,3.53316552574207e-11,4.74638284314312,6.8757854766814e-13
"SH2D1A",-0.423994665464353,0.509992034789957,0.481756118061375,0.3329899306729,-0.664341569589455,0.213912838078371
"SHC1",0.199746799963481,0.400235619255278,0.276161460386846,0.143696963697957,-0.145835678954953,0.499151922450835
"SIGIRR",-0.783797687513522,0.103786186845549,-0.32737390198025,0.456817690577838,0.299663024414937,0.530751763801343
"SIGLEC1",2.86607647834767,1.39743057891465e-09,0.87452208150875,0.0209787411694268,3.32800743367537,8.25633044549074e-10
"SIRPA",0.0789501355888831,0.873660749489778,-0.553100110197063,0.100218929324237,0.458471040368762,0.209350960732685
"SKI",-0.270093646708974,0.488668389385786,0.187466561116335,0.551021599497439,0.131196880340807,0.710276801970536
"SLAMF1",-0.0127820912552723,0.961651549459761,-0.731010725132254,0.00273670530314571,-0.47900807711707,0.0634195473458961
"SLAMF6",-0.418741208510364,0.323850085681247,-0.334969544268114,0.339450218392635,-0.503548659150837,0.171349584852569
"SLAMF7",0.0131407932542142,0.978121763699471,0.153831727721828,0.772100280842134,-0.367547151099219,0.479186637088072
"SLC2A1",-0.125910583875728,0.856659474675404,0.665725710130744,0.17029074060917,-0.770828293689088,0.147441966803166
"SMAD2",-0.268651127146226,0.290449078392189,-0.776990061688627,0.00029666120880681,-0.814062207818022,0.000443713253586522
"SMAD3",-0.195520245212911,0.663682528117277,-0.994607218628122,0.00236805413837694,-0.930619131894018,0.00771511249733808
"SMAD5",-0.290247537691886,0.631183837836564,-0.0804259407199526,0.880813377231039,-0.321849884041595,0.516885620266029
"SMAD7",-0.785104138891166,0.0532793768187095,-0.98692626440986,0.00634357797812988,-0.562428208490283,0.157369903820851
"SMPD3",-0.194197186826586,0.257133749843565,-0.187601217264921,0.190566879248493,-0.680395995495491,3.38198084854615e-05
"SOCS1",3.52668363039866,1.19596483713082e-09,4.18703489745829,6.71093162732013e-11,5.42571507870923,1.27725297927377e-12
"SOCS3",1.19799358286321,0.0194559918151662,2.844469533427,1.54306692912638e-07,3.71466457417704,3.73051507751741e-09
"SPP1",-0.153581549960544,0.47924436768622,-0.0513452813354265,0.799311235714481,-0.502146082760296,0.00621465711241208
"SRC",0.498709537493101,0.10498235071131,-0.438996015737405,0.0919017354493038,0.109886053267723,0.740671822062383
"STAT1",2.03001971150933,4.6477357892576e-13,0.780163919496948,8.16943638694967e-05,1.73755264997724,4.09508064886263e-10
"STAT2",3.33524342696756,2.08961172337838e-12,1.43138006261042,3.7787250553954e-05,2.73144307197425,2.423147035079e-09
"STAT3",0.831468999741787,0.00189487745828438,-0.173542905275157,0.510093625441026,0.469000936598341,0.0793598148037068
"STAT4",-0.106968126023153,0.751631315658618,-0.615818283206579,0.00953337522088102,-0.177881205087191,0.514639550350316
"STAT5A",0.512764629702898,0.0478339899695399,0.160066444891122,0.518845036599236,0.427750782551612,0.0865877734762269
"STAT5B",-0.0766487928580073,0.806139024879242,-0.504173603352557,0.0242373354695428,-0.128131150110079,0.634406968863326
"STAT6",0.130575996663207,0.684717591775269,-0.431605047737573,0.0570791519677587,-0.031199109071224,0.920732373989551
"SYK",0.0819873044938557,0.844122886735399,-0.386450191329816,0.195315221185472,0.115219435930856,0.749819823795681
"TAGAP",1.05871743541887,0.00173050269631067,-0.59812947909337,0.0502603410298826,0.935348673593271,0.00633017928767218
"TAL1",-0.473510926492152,0.35074863112609,-1.45594305949754,0.000577234032883198,-1.73183516940725,0.000223740129444744
"TAP1",1.63253132314607,4.41379955556538e-08,0.880172315751437,0.00053044816632471,2.05503583876453,3.51257534340615e-09
"TAP2",1.20878546722102,0.00889525556254232,1.42505747654937,0.00100591229279328,2.80512600505116,2.71480539887503e-07
"TAPBP",0.527306907740636,0.033277246593984,0.924096532008756,8.97540244021722e-05,1.16886028016893,1.36334389832989e-05
"TARP",-0.505126695663614,0.484616597637482,-0.959340821967436,0.0816676521654014,-0.787619387528547,0.190758920129784
"TBK1",0.827738078352153,0.00318015278730365,0.653843284311778,0.0108636989477647,0.78527883010139,0.00529060382438195
"TBP",-0.174018635858858,0.786891082828997,0.17690206035804,0.72690876666333,-0.591125208363917,0.228545575949823
"TBX21",0.0845939808530769,0.910344573611228,-0.347602803548982,0.535933929031524,-0.245993343793053,0.69443761054463
"TBXA2R",-0.168085399203641,0.63406997440581,-0.298392653544429,0.24680282042028,-0.222583410775134,0.473105110623414
"TCF4",0.154674542992137,0.740465478013677,-0.81285289198267,0.0126529345977067,-0.643391172426159,0.0676245394712287
"TCF7",-0.868801141776555,0.0350596537872607,-2.03281932286804,3.4222887984952e-07,-1.19342561666386,0.00337778531133375
"TFRC",-0.312801903588952,0.447988053774295,0.0843937181796814,0.819181796338998,-0.963666923834486,0.00624910276965383
"TGFB1",0.0318176821603817,0.935116272242926,-0.347139732192234,0.198953667849201,-0.402648809899423,0.166826984284203
"TGFB2",-0.246121105053063,0.63406997440581,0.0679758101424408,0.887833395573731,0.110318172328225,0.82681309747664
"TGFBI",0.574707853093956,0.323518132568623,-1.31018046745166,0.00634357797812988,0.00189610556816078,0.99742257547357
"TGFBR1",-0.52894721002219,0.0418590075676523,-0.672299354386039,0.00387749338076629,-0.304975380564386,0.226938279000133
"TGFBR2",-0.154613633351667,0.559203255311966,-0.569527891124549,0.00380970098161018,0.343961472981029,0.103962951263673
"THBS1",0.14445967482683,0.827727072929154,0.00198558378044034,0.998751981443099,-0.97319796670658,0.0612644935061957
"THY1",-0.101542246170957,0.796184882210934,-0.684050149207965,0.00934088123919832,-0.959665132416325,0.000994372829143468
"TICAM1",0.405495747969963,0.187863885505198,-0.226640406560685,0.369618901329724,0.22960554440401,0.457238777513771
"TIGIT",0.0995147817343334,0.824048002203708,1.47989578221718,2.08521182241744e-05,-0.114617271795256,0.770594085562213
"TIRAP",-0.0260241316549061,0.945759025983366,-0.189614751655594,0.543169530641882,-0.0910321884943075,0.796264994071199
"TLR1",0.438559839509102,0.295024666549293,0.0954435098640118,0.811916454099851,0.814777357027079,0.0263748497353972
"TLR2",1.16743939151844,0.00832312322357204,-0.163496745870505,0.722574476333029,1.82780604509559,0.000122622508686317
"TLR3",-0.149402908953975,0.748823796296993,-0.058557340783933,0.887833395573731,-0.262000337457712,0.506595409450237
"TLR4",1.93178208069405,6.94196631653525e-06,1.02012844471564,0.0068925425153424,2.50877699498174,3.75602089354472e-07
"TLR5",0.681705271664754,0.235707252416846,0.2419860351407,0.641477222201506,0.835973098748942,0.0952540169631804
"TLR6",0.13668454927411,0.754512175697058,0.269023063758128,0.40110351272313,1.21426986842724,0.000454804517016137
"TLR7",1.59331779170648,1.18497349990885e-05,0.718924487371263,0.0232624020834239,1.27211563705663,0.000738169703509266
"TLR8",0.338296750839389,0.388446829729716,-0.220926879990028,0.508992115956386,0.66196502946058,0.0483702095098567
"TLR9",0.0060114210583464,0.978121763699471,-0.0859132584147497,0.709110087586192,-0.0497720899107961,0.851329616279164
"TMEM173",-0.0345128751233572,0.919702100030896,0.928299748150478,0.000156851404305267,0.938000340121698,0.000331141374977274
"TNF",-0.087497482719523,0.844122886735399,-0.648589726733744,0.026095053560458,0.093198482132312,0.823157961328618
"TNFAIP3",0.41835921287502,0.214100547205156,0.0579486299233753,0.866659846428621,1.07620324201293,0.000531463828879334
"TNFAIP6",-0.153581549960544,0.644009067132845,0.150109289320813,0.579279413708593,-0.360434790724958,0.173350823613394
"TNFRSF11A",0.0215720346512125,0.941586046865439,-0.133192239385957,0.554645455828272,-0.40006360697353,0.0824454543376387
"TNFRSF13B",-0.0618805776357787,0.791909033041638,-0.230429135763487,0.161482440701791,-0.428917731273959,0.016865194426999
"TNFRSF13C",-0.594985482371182,0.278504623100582,-0.393391237465572,0.409251067730752,-0.56803696538779,0.262373829146641
"TNFRSF14",-0.043966833076861,0.932383245285406,0.227441308705512,0.538393869732787,0.512880780714116,0.165380958283761
"TNFRSF17",-0.366138374102804,0.327313266646996,-0.338242607955435,0.2764187875649,-0.751431000543839,0.0209956674780053
"TNFRSF18",-0.106367333879873,0.774657098814674,1.28830717595776,7.83032362297764e-05,-0.193990906295895,0.542461833945761
"TNFRSF1B",0.851623300954145,0.000782570476279648,0.46169352406792,0.0447490896386054,1.21303612516879,1.36334389832989e-05
"TNFRSF4",0.0464270986593149,0.888402362749893,0.815661417938477,0.00299443345530083,-0.173832587726893,0.559064501468375
"TNFRSF9",-0.131677903206552,0.794586554903038,-0.097524813307329,0.819181796338998,-0.571043401432599,0.140295093496767
"TNFSF10",2.19834345994239,9.08793829019965e-07,2.15244361921458,1.20180771575777e-06,2.98584679523693,9.72630598067329e-09
"TNFSF11",0.0198115008454494,0.953848311232369,0.819948600061131,0.00413354181654568,-0.00360576114272071,0.993863825002865
"TNFSF12",-0.0552528160080632,0.877230506390477,-0.432808194193054,0.0941848298872889,0.0373832522672304,0.915510097819022
"TNFSF13",0.761413202685294,0.0537312354360744,-0.187478881614685,0.633148194322324,0.691243715063298,0.068721427793827
"TNFSF13B",2.98898693829807,3.16942744996293e-09,1.78385949226866,2.89365364412992e-05,3.36554696960842,2.49804603303408e-09
"TNFSF14",-0.37298189663212,0.292532727780897,-0.74771928934589,0.00772701237938066,-0.16535610270923,0.628304373860597
"TNFSF15",0.027228292255475,0.935888936853,0.148314100644044,0.590564434473521,-0.290164571111256,0.293044986270103
"TNFSF18",-0.153581549960544,0.785793152006845,0.999774879805912,0.0272936184739832,0.24798172103781,0.645287236180446
"TNFSF4",-0.16760366440036,0.697555506156237,1.02978206329457,0.00273670530314571,-0.0948979665392615,0.82161370920492
"TNFSF8",0.574621659964035,0.0201249991512821,-0.211648636868137,0.368152067205798,0.655287279450302,0.00674439064370807
"TOLLIP",0.295065709291432,0.29085149510434,0.990412548298962,3.36017889180198e-05,1.18777343124586,7.85359173930837e-06
"TP53",-0.065042208088502,0.877230506390477,-0.00482809549291208,0.992159515102892,-0.163761543688363,0.645287236180446
"TRADD",-0.514722557530272,0.0640874338502332,-0.16320670287247,0.552903865633995,0.094896456843343,0.76122657923106
"TRAF1",-0.278973391374496,0.509992034789957,0.18171600145376,0.597227825977637,-0.731005596270276,0.0352754774179624
"TRAF2",-0.014262228474192,0.962771248107083,0.181423711036778,0.551021599497439,0.156396661506307,0.642669210617848
"TRAF3",-0.351309939274579,0.352793147398916,0.397446662619849,0.187248828637753,-0.321873951478147,0.336101832775753
"TRAF4",-0.0395875862733002,0.895230570208261,0.178248780068754,0.431808390492484,-0.236004935839516,0.326126071607806
"TRAF5",-0.584892334426283,0.198948181553602,-0.940486544697492,0.0122810081752822,-1.17810185194924,0.00496889077654718
"TRAF6",-0.189858051236037,0.434665982532556,-0.414707866327759,0.0272936184739832,-0.0748071360462292,0.745250537546021
"TRIM39",-0.0930888295529941,0.84726873526829,-0.42687699426791,0.207567803444585,-0.684814172517036,0.061743465556717
"TSLP",0.0576206411099234,0.935771745529302,1.38606008425575,0.0109068254473369,0.325750757903321,0.628713529376228
"TUBB",-0.221026373500866,0.56517159849588,0.658143324670162,0.019665544979424,-0.710270234684389,0.0211200330033455
"TWIST2",-0.153581549960544,0.560988364422158,-0.00456287497288876,0.989257852514773,-0.430682434852142,0.0452230703710895
"TYK2",-0.150691442282607,0.6258537079787,-0.299485030103218,0.173780866264683,-0.424443694009675,0.0716274036333505
"TYROBP",-0.00772275292508517,0.978121763699471,-0.352709651664895,0.221862542399744,-0.119038558058756,0.735082475883745
"UBB",-0.179123615530429,0.692428650045715,-2.51300272384268,1.92642762386251e-09,-1.37536322603975,0.000165450458057843
"UBE2L3",0.385288749470599,0.105597396921856,-0.114624541600751,0.616105417326978,-0.100865052397285,0.686216186216925
"USP9Y",-0.380077574147855,0.126307391289103,-1.05430527376673,9.45598590125704e-06,-1.03684504258879,4.61078666277169e-05
"VCAM1",-0.153581549960544,0.806139024879242,1.48811424322178,0.00488023331839223,0.312882733370449,0.616227010891505
"XBP1",0.0281713395569323,0.922608282291091,0.75700495106199,0.00029666120880681,0.193561883657118,0.393067961611454
"XCL1",-1.00242460262302,0.0261283640862782,-1.3507177192423,0.000855491888295487,-0.901898175794786,0.0447200065942057
"XCR1",-0.254813855469065,0.292532727780897,0.0345909951805519,0.887924087099466,-0.112139782129666,0.661254495437812
"ZAP70",-0.92759188682973,0.0290867525574527,0.550809619063819,0.133820682255847,-0.101021435264966,0.82681309747664
"ZBTB16",-0.153581549960544,0.369683425059658,-0.107847863836907,0.465668280982789,-0.472178804756544,0.00215104780298676
"ZEB1",-0.487280838214202,0.263471261697222,0.127808623610265,0.74853369970249,-0.0100160965969174,0.985653141850002
