"gene","Baseline.lfc","Baseline.padj","Middle.lfc","Middle.padj","Transitional/Late.lfc","Transitional/Late.padj"
"ABCB1",-0.612539021526584,0.0727468570115972,-0.568314765103767,0.466959086585395,0.280243306722295,0.134949915768001
"ABCF1",-0.219571640055483,0.395649695362675,0.115440056868543,0.875898030260599,0.53634454846542,0.0426735916931312
"ABL1",0.0418572577364813,0.809893961873225,-0.0636396089851603,0.939150727817051,0.464774379274112,0.0339536218817548
"ADA",-0.651967415359118,0.0461302695096149,-0.728205834593108,0.333491867204706,0.169920562128255,0.553100515061865
"AGER",0.524745057508443,0.180518971555125,0.109751644532208,0.908945003886069,0.172575375590267,0.451716954848168
"AHR",-0.173354709247666,0.608386780316412,-1.14854515087066,0.337366342129182,-0.4879186951898,0.149817803954437
"AICDA",NA,NA,NA,NA,-0.2013704860025,0.548128357468706
"AKT3",-0.146360649049292,0.795271416291392,-0.350042380558172,0.493067032466264,0.934639265338809,0.00743931349337297
"ALAS1",-0.477679419100563,0.157336680879295,0.140517582802794,0.813630414972154,-0.308832340830687,0.125780822452558
"ALOX12",0.427483432705444,0.55351758285081,0.00129422879996532,0.997543803956353,0.887491792612201,0.0169933823737187
"ALOX15",-0.268390194381384,0.690890038685227,-0.811411244032914,0.396373254783939,1.44593324430054,0.00198911487883008
"ALOX5",-0.288631857303729,0.634885533531508,0.191810683309633,0.798810161763973,0.245136576010536,0.416611073335404
"ANP32B",-0.130311085821804,0.691146196715535,-0.483115125907482,0.303874168093537,-0.242051462721127,0.361885760229974
"APOE",-0.231748382057057,0.580785078330028,0.959073473244562,0.316101440574304,0.766943932870529,0.0762337119518173
"APP",-0.0989313962492719,0.732629096407527,-0.235378254080079,0.548034715130848,0.0927947487180933,0.601317297862933
"AREG",NA,NA,-0.823490986276309,0.466959086585395,-1.25462911801186,0.0159261286562313
"ARG1",NA,NA,-1.02983569973298,0.434883467552796,-1.02191594824644,0.0349546851732794
"ARG2",0.230782566930129,0.722210590558836,0.585713938833571,0.324797067689694,-0.829587047623685,0.0264413741566942
"ARHGDIB",-0.399963031070884,0.207078592686565,-0.360816217570221,0.434883467552796,-0.0345621508837635,0.901446499048533
"ATF2",-0.211616139485887,0.364165734202687,-0.253285889649823,0.503861423606948,-0.0149874550849756,0.939678085342179
"ATG10",0.205862090419364,0.735104598521145,-0.221779369202459,0.725982280400052,0.842904109287206,0.0232435374564343
"ATG12",-0.155594282116162,0.537795701902816,-0.318512407997035,0.444223576274288,0.0759377965922567,0.710390932501226
"ATG16L1",0.483480259309647,0.149414296296301,-0.526231934721856,0.534428177290924,-0.196314517014616,0.51795611185176
"ATG5",-0.294118087029428,0.199979146826103,-0.0209052519856403,0.967478219547074,0.186393244377451,0.398793847371704
"ATG7",-0.196712971991156,0.502013980196384,0.0643987344381642,0.903050791380447,-0.366078043673052,0.164304574161703
"ATM",-0.46482302946762,0.119533248586561,-1.24906037463964,0.281672579356394,0.392339651346523,0.274431371234985
"B2M",0.0579912326960823,0.88318157318739,0.224122524871248,0.527474309245853,0.315677606488631,0.150386611236322
"B3GAT1",NA,NA,NA,NA,0.307052203095964,0.0252132093390341
"BAD",0.244013387068095,0.401872212041019,NA,NA,-0.124957290031839,0.57388662882411
"BATF",0.28662967779645,0.259486555068433,0.375694026253214,0.402684234001955,-0.62349167956226,0.00699134269556202
"BATF3",NA,NA,0.342442659567735,0.639131218514396,0.0588307241085735,0.809769293084206
"BAX",0.0250804961391662,0.924985225850953,0.113015755124492,0.833766656760133,0.257188022856795,0.254339765247026
"BCAP31",-0.211257276287846,0.378909445022705,0.063623996298201,0.897693726718731,0.600264469003625,0.0100232585376854
"BCL10",0.157582773753621,0.878895227812729,-1.09757305566156,0.385650206691128,-0.0160196841180813,0.976114578476332
"BCL2",-0.0695262108800474,0.847156441546794,-0.274884134286989,0.69867136485216,1.43580131422631,0.000102716777439751
"BCL2L1",-0.0920980539074954,0.924985225850953,-0.399047233191752,0.681582169774571,0.0951380256001872,0.861788708108774
"BCL2L11",-0.371448294136709,0.13824110271582,0.0489165359865211,0.913192844318605,0.154723514415554,0.605604657735181
"BCL3",1.50558540652493,0.0420143322093905,0.721325439427417,0.329964702913749,-1.21689276544499,0.000447527927376731
"BCL6",1.05454610552428,0.13824110271582,0.795866421396068,0.303874168093537,-0.598073774024162,0.16472028385275
"BID",-0.160316458748,0.589628287440809,0.170970431678438,0.712642158467496,0.12294168204507,0.594109134357465
"BIRC2",-0.239522000083614,0.383585641512827,-0.424394616249335,0.346384907869684,-0.351158952492137,0.0614014075566268
"BLK",0.0403399286206518,0.903764194311227,NA,NA,0.38265424905835,0.0430896747456239
"BLNK",-0.126612345591931,0.77844605699059,-0.335340181687818,0.687415534150824,0.45473476669832,0.147728079865175
"BST2",0.128483819179845,0.697941927572003,0.497742534743198,0.353090815413427,-0.443552358812036,0.0729025096120436
"BTK",-0.192792185022732,0.508164874973082,-0.186638159826191,0.681582169774571,0.511297659348128,0.0592980688367478
"BTLA",-0.238281099584365,0.434285038039962,-0.942989563858049,0.402032328281998,-0.456179378864736,0.29176309354665
"C10orf54",0.258776931413582,0.568342748432365,0.412980851248898,0.337366342129182,-0.136431463436166,0.641684768328974
"C14orf166",-0.154037258404703,0.569723593146917,-0.178192042011151,0.643225487345044,-0.0253265016791406,0.913478687429421
"C1QA",-0.342194848029134,0.55351758285081,0.679290564942931,0.568016722896572,1.60339257681389,0.0528186314660287
"C1QB",-0.680769544047003,0.324536531365129,0.743425394016706,0.501767388793414,1.08752867762117,0.167345585237778
"C1QBP",-0.43587391356199,0.120527429275074,-0.762434048624241,0.281672579356394,-0.557831056167133,0.0509711168849911
"C2",NA,NA,-0.0765851522618286,0.908945003886069,-0.552512987715015,0.252304217780233
"C3",NA,NA,NA,NA,-0.192024281171948,0.395992329837012
"C3AR1",-0.803496394643343,0.0446529864506435,-0.117296472476446,0.891122112322815,1.12747348299983,0.000178991099336269
"C4A",0.257936998781009,0.316617213485604,0.233062900082967,0.69867136485216,-0.540586516714928,0.163572209571148
"C4B",0.626369883828875,0.0374910446181098,0.445119448807141,0.444223576274288,-0.925647960015382,0.0782127872820389
"C4BPA",-0.588702788399615,0.795271416291392,-2.06195866646794,0.353090815413427,-1.3017263498279,0.119836233837572
"C5",-0.629820849741034,0.390809091671674,-1.43376535158471,0.266180644526704,-0.503535771199649,0.311628296910414
"C5aR1",0.561412961835591,0.354345252970166,0.408907866819542,0.433852607643182,-1.4429164729097,0.00198911487883008
"C6",NA,NA,NA,NA,0.151939163661296,0.381861516765757
"C7",NA,NA,NA,NA,-0.18274785778527,0.56212259130162
"C8B",NA,NA,NA,NA,-0.066215628201479,0.796539379951825
"C9",-0.16850092933812,0.661406866658249,-0.0327032436458161,0.974626316357233,0.168309615473202,0.63866066758989
"CAMP",1.07480906342079,0.176484715782166,0.578556752837384,0.404080353558812,-1.62024882389646,0.00187273855660242
"CARD9",0.0105629962770726,0.974557456482332,0.448438931013594,0.471569425035421,0.242983277937446,0.520064997828641
"CASP1",-0.408473031121289,0.131287614779277,0.141262331612298,0.725982280400052,-0.742543170614223,0.0256746172639497
"CASP10",-0.0316404800338752,0.938917314570098,-0.0263139391151448,0.953632070663508,0.473325373674044,0.0226044560631425
"CASP2",-0.562595527727156,0.0757148928921429,-0.17766112517216,0.721554655529843,0.748499694212572,0.0100232585376854
"CASP3",-0.280192270479965,0.516262765185665,0.0654457738684826,0.907220887056525,-0.310477664110648,0.158425094284081
"CASP8",-0.114670406717472,0.668955503203626,-0.0750691389162146,0.875929494381779,0.04869346825331,0.75963393930556
"CCBP2",0.0396787536820336,0.90337607913264,NA,NA,NA,NA
"CCL1",NA,NA,-0.549216962589041,0.488274610231245,-0.264953425289419,0.353404473591507
"CCL13",NA,NA,NA,NA,0.247066137476508,0.241476726575182
"CCL15",NA,NA,NA,NA,0.182310473530706,0.23226334349174
"CCL19",NA,NA,0.253522250298984,0.793136527017272,-0.0282166129101471,0.873326943032682
"CCL2",NA,NA,0.440196403241554,0.69867136485216,-1.57708022590014,0.000178991099336269
"CCL20",NA,NA,NA,NA,0.236258995267918,0.447885260801852
"CCL21",NA,NA,NA,NA,0.176900627663017,0.229155392907564
"CCL22",NA,NA,NA,NA,0.338112310148164,0.030764439653648
"CCL23",NA,NA,NA,NA,0.105558041551097,0.512089051672262
"CCL3",0.261027703184699,0.496854515868917,-0.459459628419468,0.643225487345044,-1.30031104072149,0.00194096567881916
"CCL4",-0.0391832360593689,0.837283750517219,NA,NA,0.234783033343302,0.372975827717961
"CCL5",0.763425638620683,0.176350848822307,0.165821971957969,0.821157154011136,0.287694818866569,0.314748184170091
"CCL7",NA,NA,NA,NA,-0.0533730939544652,0.856804355297976
"CCL8",NA,NA,-0.747685447938021,0.444223576274288,0.102404051486913,0.685775111569689
"CCND3",-0.298442073307246,0.306248990987523,-0.00789553991804581,0.975984469482266,0.59321864004599,0.00968704747837546
"CCR1",-0.302483908223274,0.537795701902816,0.205304265121253,0.69867136485216,-0.592101724131712,0.0759124824088015
"CCR2",-0.857416050232721,0.0511151568283108,-0.390395519498448,0.404080353558812,0.742078017694014,0.00757698927891651
"CCR3",-0.693890921459762,0.223224838046278,0.161830408708536,0.892278061101142,0.275208574638054,0.511434537113178
"CCR4",-0.712855141754815,0.081688447738569,-0.162563809644021,0.855206577245221,1.4165295766402,0.00046397268695118
"CCR5",-0.324324973255365,0.488943054643318,-0.230431455540316,0.664634774231786,0.313931302852811,0.389360034105571
"CCR6",-0.954457971333387,0.0374910446181098,-0.48364653915806,0.527474309245853,0.441450277640464,0.0711550047001994
"CCR7",0.450729031705938,0.303411243986253,0.444209488541343,0.571894401575106,0.537205402535283,0.0683457779611313
"CCR8",-0.323690961745299,0.48498003957719,-1.33212299955036,0.333491867204706,-0.743835947923035,0.233526161330836
"CCRL1",NA,NA,NA,NA,-0.867340188357129,0.058808350979303
"CCRL2",-0.364595282585691,0.597837174223752,0.454206893879205,0.337366342129182,-0.359203777898019,0.448602701455017
"CD14",0.882532882683162,0.13824110271582,0.446737670619367,0.63272548653775,-0.917374143962065,0.0459778434274764
"CD160",NA,NA,-0.687203551001973,0.45550647978161,-0.31102912492701,0.351158651447563
"CD163",-0.733205394120611,0.13824110271582,NA,NA,NA,NA
"CD164",0.0330191970885885,0.894111328347086,-0.0648143469223772,0.897693726718731,-0.232525254361899,0.238036891072724
"CD19",0.272556031701097,0.572010921132878,0.377137365498778,0.599990563242403,0.788065581376753,0.0788868835859627
"CD1A",-0.385762181023773,0.335798012044761,-0.506874538988084,0.466959086585395,0.549612934296864,0.00206215667897202
"CD1C",-0.628946924586717,0.157336680879295,-1.04257116223424,0.284558706627723,1.34638680019193,0.000207490256883503
"CD1D",-0.509996399638831,0.205064563612574,-0.119131199728229,0.908945003886069,0.923672933452016,0.000593000613797252
"CD1E",NA,NA,NA,NA,-0.176952507131173,0.467984780276985
"CD2",0.0332146500068333,0.939210422405198,-0.078914370998608,0.925772792238347,0.639805706120258,0.0802720268907489
"CD207",NA,NA,0.0189653608719231,0.975984469482266,0.367350126411126,0.0858851972172955
"CD209",NA,NA,-0.227537160668954,0.816661233933368,-0.00706566564396116,0.975597461251937
"CD22",-0.473509283622987,0.13824110271582,0.0297821641712668,0.974224034181668,0.817286310865641,0.00352238783811699
"CD24",-0.159567776184049,0.860127567032859,0.879424951024201,0.471569425035421,-2.67099341492543,7.48433836442185e-05
"CD244",0.132688843730474,0.838987735358543,-0.446482873208593,0.501767388793414,0.218320740196633,0.500550012595266
"CD247",-0.069794905814117,0.838987735358543,-0.0360842375333288,0.967478219547074,1.02366300669676,0.00281561793380691
"CD27",0.534887578939388,0.221988364389221,-0.159072832464288,0.816661233933368,0.379836601782079,0.308988228271578
"CD274",-0.773169421298549,0.122503139164023,0.107830870968282,0.87790501263783,-0.654959349439281,0.0984043506418442
"CD276",NA,NA,NA,NA,0.378425479182744,0.0592980688367478
"CD28",-0.200838526257767,0.569145285512269,-0.248167853567155,0.63272548653775,0.710301182291532,0.00733540110145279
"CD34",NA,NA,NA,NA,0.076276708593122,0.703798196667965
"CD36",0.860606356553339,0.236374177184412,-0.79921649604815,0.471569425035421,-1.1596517005111,0.0527684671141187
"CD38",-0.713479383450838,0.0578867511921608,-0.286325417654714,0.471569425035421,-0.0864283910664767,0.808724382698587
"CD3D",-0.0729288106867649,0.88513074857546,-0.417193294026138,0.572776036198252,0.168264698792104,0.615387089630161
"CD3E",0.0742461905857468,0.89101878572176,-0.318938876782044,0.679183454624855,0.502612901246165,0.126350780408266
"CD3EAP",-0.248590594196691,0.358086741682612,NA,NA,NA,NA
"CD3G",0.256938320116987,0.651448925371374,-0.14699953821162,0.886322869592513,0.28446757714892,0.360364213857495
"CD4",0.432890159510718,0.236374177184412,NA,NA,0.389788812438577,0.00611170962384988
"CD40",-0.577915252432635,0.137201027190226,-0.394168379111284,0.599990563242403,0.364554133251494,0.150386611236322
"CD40LG",-0.813817798215878,0.0433620083584366,-0.11711606527625,0.903050791380447,1.52922768956066,9.71689496487885e-05
"CD44",-0.432862300591097,0.0677755339746869,0.535064770501313,0.466959086585395,-0.105264547850142,0.69436707083108
"CD46",-0.365353510448527,0.262807815325972,-0.178709740974453,0.710638582044174,1.05815611921517,0.000202322164682403
"CD47",-0.171673628131719,0.462261405147966,-0.152538028243939,0.792998837808121,0.195565671208424,0.359940649257985
"CD48",-0.209510201613414,0.48498003957719,-0.0160761192770398,0.968617470367903,0.133420299389101,0.53951654187778
"CD5",0.381239700516514,0.324536531365129,-0.0812107453690292,0.937216799608321,1.47982509236702,0.000227155197460272
"CD53",-0.587847028307859,0.108301563599152,0.116547126688074,0.792998837808121,-0.063548671992729,0.771186176508749
"CD55",-0.551293245066812,0.508164874973082,-0.115325357853528,0.904239392408198,0.492032598046331,0.126350780408266
"CD58",0.0553275240245981,0.838987735358543,-0.0931894939474027,0.872890884269005,0.367937511407959,0.0648811944848975
"CD59",-0.079045132077443,0.809893961873225,0.0503999178566819,0.925772792238347,-0.425493738536691,0.0312234056993783
"CD6",0.783183030719423,0.149414296296301,0.14699585226799,0.868372812691331,1.08856219572017,0.000792601686909284
"CD68",0.116192126196573,0.725388514545798,0.442655609801623,0.568016722896572,0.660979106168746,0.0883147189930779
"CD69",0.766037956370806,0.0554734686287525,-0.636697554739461,0.479089996447799,0.178145262456606,0.550406409312655
"CD7",0.170308810110029,0.809893961873225,0.423237371424358,0.434883467552796,0.0791373985147636,0.842704225026339
"CD70",0.26763180444143,0.236374177184412,0.418518648759872,0.568016722896572,-0.378919620509904,0.0912901373249877
"CD74",-0.0805226914848909,0.838987735358543,0.0679478607956323,0.939099823181939,0.131193241186644,0.748786756589492
"CD79A",0.412404673150592,0.259486555068433,-0.00233748180378601,0.996381159673179,0.746399100333523,0.0365571114129351
"CD79B",0.474893497586709,0.168363206505121,0.472448960416567,0.462037600000819,0.0455917590499162,0.873326943032682
"CD80",-0.080687949301053,0.891928648303351,-0.654964277290508,0.441844882197514,0.351626901766573,0.331443403311896
"CD81",0.201429461782352,0.41752719438064,0.228872595777684,0.545973238063163,0.384996740689484,0.0491719416383996
"CD82",0.587147335557306,0.360480064807791,0.777513857399619,0.371879406221112,-0.268333547677274,0.334322835908244
"CD83",0.401316250618806,0.295973970348021,-0.0763519657489047,0.908945003886069,0.700599281248375,0.0250737034640181
"CD86",-0.405920923197945,0.259486555068433,-0.152281250125503,0.725982280400052,0.445165254169334,0.0671776429022408
"CD8A",1.13116833262563,0.0766257254352815,0.147431421987346,0.883808893108192,-0.142454962458524,0.709662971898325
"CD8B",0.309200454478631,0.569723593146917,-0.0852457581644543,0.915724511053013,-0.449649872155064,0.238036891072724
"CD9",-0.47506870073191,0.425879052175634,-0.14950888672818,0.875929494381779,1.35485809171743,0.00203942628568184
"CD96",-0.116305662543699,0.809893961873225,-0.684399156275992,0.441326709184024,0.633348356521248,0.0831266130424568
"CD97",0.715850995007587,0.149414296296301,0.422005139386497,0.38502015362719,0.00570504606529276,0.981920021348389
"CD99",0.552197214591509,0.282421246203793,0.0555785667281992,0.964522418365883,1.22821004239687,0.00198911487883008
"CDC42",0.0663778435808382,0.852619674854518,0.055952583775289,0.908945003886069,0.444453761610689,0.0312234056993783
"CDH5",NA,NA,NA,NA,0.255661033081277,0.0762953455249171
"CDKN1A",0.442629236001495,0.261855924038978,0.0458886961162595,0.953632070663508,0.681823284434818,0.00793870530938276
"CEACAM1",-0.483206516247887,0.22284188513547,-0.220208839629694,0.69867136485216,0.762832331200784,0.00945462075193938
"CEACAM6",NA,NA,-0.199386454886459,0.883808893108192,0.156283442154882,0.455741715735904
"CEACAM8",0.178149881209295,0.822706868435953,0.258037751927011,0.649158027300438,-0.379087322279528,0.360364213857495
"CEBPB",1.27173430941033,0.0506200786091991,0.774270574474267,0.284558706627723,-1.30926080964375,0.00110093990767867
"CFB",NA,NA,-1.12247929248306,0.333491867204706,-1.42528668346258,0.00198911487883008
"CFD",0.413595351323497,0.462261405147966,0.424323144274592,0.572776036198252,0.828221030587045,0.156053055109009
"CFH",NA,NA,-0.653196424852107,0.402032328281998,-0.390098951467503,0.109205124119963
"CFI",-0.417723631689816,0.412458928115027,-0.604406585749576,0.512069853666241,-0.230526777333086,0.493704443996162
"CFL1",-0.180010799126199,0.569723593146917,0.0205878836765336,0.967478219547074,0.0587848166089753,0.841117623647934
"CFP",-0.00840981163235988,0.975770319016928,0.245079195877015,0.628133023062089,0.0734356910589256,0.822869143994083
"CHUK",0.0126851924036533,0.963969599480507,-0.202770299436623,0.649158027300438,0.180754859701232,0.428081549512325
"CIITA",-0.0152220387493385,0.960121392671752,0.128874630300484,0.875929494381779,0.707243018808958,0.0668308656782911
"CISH",0.914305159368942,0.0506200786091991,0.348534428450899,0.545973238063163,-0.76388614647983,0.0508781360840097
"CLEC4A",-0.179842556898409,0.773745137763824,-0.236350812391135,0.816661233933368,-1.35615357891966,0.0067673391426591
"CLEC4E",0.00353939787418156,0.994692140430507,0.487926853267398,0.501767388793414,-1.92776479519605,0.00112476610651718
"CLEC6A",-0.287267048672923,0.252041082897979,-0.517491578002779,0.681582169774571,-1.44950189570827,0.000102716777439751
"CLEC7A",-0.0472600786574748,0.938917314570098,0.18656168822114,0.743722475063986,0.115461820285422,0.861788708108774
"CLU",-0.140890407884344,0.809893961873225,-0.0358009794333931,0.967478219547074,1.38692733634175,0.000102716777439751
"CMA1",-0.358107369044183,0.356810236841968,-1.22977564274728,0.281672579356394,0.942095146796417,0.0250615779686029
"CMKLR1",0.281631084861924,0.364165734202687,0.0440406835002989,0.953632070663508,0.423451163155432,0.126350780408266
"CR1",-0.777396504328762,0.133891504995581,-0.831633255073829,0.371879406221112,-0.429685045238481,0.153753610835512
"CR2",NA,NA,NA,NA,0.137050930943861,0.395992329837012
"CRADD",0.312145698817732,0.236913918505626,0.218962750889931,0.668121742666628,-0.357914820057093,0.108112336533208
"CREB1",-0.0998977954804001,0.641928715285393,-0.0375624264284795,0.925772792238347,0.414484109653477,0.0256366832766807
"CRP",NA,NA,NA,NA,0.193727376474284,0.277736424807306
"CSF1",-0.168289915816146,0.755960279247018,0.0203150696789409,0.967478219547074,-0.170904590097909,0.467992955391642
"CSF1R",-0.101340323709236,0.715927322792651,0.657624275823809,0.539877005883206,2.98658897163042,1.5982445528981e-05
"CSF2",NA,NA,NA,NA,-0.0682304958198161,0.808724382698587
"CSF2RB",1.48197504780045,0.0651314315938245,0.826418809815062,0.371879406221112,-0.393411188720881,0.351158651447563
"CSF3",NA,NA,NA,NA,0.418714309878285,0.0685271821248039
"CSF3R",1.20762662513008,0.122503139164023,0.927460838956344,0.303874168093537,-1.06717730404592,0.0459778434274764
"CTLA4",-0.197827196380942,0.683390787391487,-0.554103417625899,0.546569100245798,-0.929977852791426,0.0213003965092694
"CTNNB1",0.236869585755638,0.261855924038978,-0.156875620192733,0.687301273171341,-0.232904944377664,0.247556317621887
"CTSC",-0.557709793750806,0.168806505567152,-0.163332486391274,0.886322869592513,-0.967363993922502,0.000260509901747807
"CTSG",NA,NA,NA,NA,0.736216895156184,0.035057286216351
"CTSS",0.215328395022272,0.605297369023377,0.15907870801823,0.769927630839027,-0.393692760045885,0.276530585048542
"CUL9",0.208796659167462,0.496854515868917,-0.424459196851365,0.517879851816329,0.697310988898049,0.0206683102219664
"CX3CR1",-0.0328939595335456,0.960121392671752,-0.0348575772016098,0.972896080492413,3.10823563550631,4.65042756595565e-05
"CXCL1",0.316920721268021,0.324536531365129,0.378330731822765,0.593135194074064,0.0795981795403504,0.662024704972814
"CXCL10",-0.195726384317735,0.580785078330028,0.553677921079545,0.503861423606948,-1.96255194588341,0.0467494195071915
"CXCL11",NA,NA,-0.148829790521195,0.87790501263783,-1.86456469181041,0.000533844037405374
"CXCL12",NA,NA,-0.51406445529147,0.568016722896572,-0.060286474660832,0.900729980018003
"CXCL2",NA,NA,0.286816799661201,0.656805521624277,-0.517005871851875,0.0635481169774069
"CXCL3",0.280731558204656,0.599407833088697,0.187038725156368,0.726008625271071,-0.193123657226783,0.601317297862933
"CXCL5",0.0403485895368556,0.854409097975816,-0.719926497239599,0.333491867204706,-0.278031499329873,0.225623772156408
"CXCL6",0.870295103290744,0.149414296296301,0.246959003393719,0.872890884269005,-0.835683021155166,0.0370683495543277
"CXCL9",NA,NA,-0.840304222863268,0.466959086585395,-0.457049711352388,0.207156281837973
"CXCR1",-0.287984516846754,0.732629096407527,0.595521175154177,0.371879406221112,-0.514083562189926,0.194168380547956
"CXCR2",0.371602746280429,0.589628287440809,0.751119939959047,0.287501304231225,-0.536600721642769,0.267622676073525
"CXCR3",-0.137077838201857,0.821724181810816,0.299675209995373,0.529843023275603,-0.418733184828135,0.341483818826486
"CXCR4",-0.453567888566367,0.176484715782166,-0.112513022217396,0.883808893108192,0.375730346969736,0.161622136506506
"CXCR6",-0.637265575671039,0.0574501090072232,-0.752508746905801,0.434883467552796,-1.50481894217365,0.00390916932441166
"CYBB",-0.542628712197029,0.0446529864506435,-0.118652681518611,0.845784437246421,-1.10766357705954,0.0385981144592624
"CYSLTR1",-0.0594321454852436,0.895939348245471,-0.383664484248099,0.527474309245853,-0.512164313670605,0.190856808204031
"CYSLTR2",-0.425716047410688,0.13824110271582,-1.0028385483248,0.433852607643182,-0.919131120082648,0.0389892705960571
"DAXX",0.27499424993994,0.324536531365129,-0.0314933512755315,0.953632070663508,0.0804883306562427,0.729661214653447
"DDIT3",-0.248417849817804,0.508164874973082,0.390086380607926,0.527474309245853,-0.837759349077325,0.00350894465946054
"DDX50",-0.262204597656952,0.715927322792651,-0.278553802733054,0.717619449307876,0.0992339717504631,0.808906716836344
"DDX58",-0.806078366529396,0.0374910446181098,0.0873429543313264,0.885453191507247,-0.722479236242544,0.0292645476281981
"DEFA1",-0.158744819266312,0.878895227812729,-0.0137113582551276,0.979349227380955,-1.23818051243802,0.242522491594938
"DEFB1",-0.0477002429621995,0.809893961873225,-0.0904081419397738,0.937216799608321,-0.177230226721474,0.319526991816664
"DEFB4A",NA,NA,NA,NA,-0.332744414698124,0.361885760229974
"DOCK9",-0.137980238791235,0.744167271771786,-1.75810453343078,0.266180644526704,-0.617326263962421,0.103934250165137
"DPP4",-0.273339959483613,0.45336499183356,-0.775605517259734,0.305447686797655,-0.248661368313146,0.381223848634027
"DUSP4",0.169431671828932,0.667814987793606,-0.944411614763527,0.396373254783939,-1.92153734117802,0.000452313209219654
"EDNRB",NA,NA,NA,NA,0.165441233577694,0.344119544848363
"EGR1",-0.19454120364978,0.691278570108313,-0.86246866541197,0.444223576274288,-0.185689803920456,0.557506765217345
"EGR2",-0.357270344855836,0.44835695656429,-1.39280961117174,0.266180644526704,-0.226167723954834,0.558134972865479
"EIF2A",-0.133400086431669,0.695870676630877,-0.247383534122635,0.534428177290924,0.150463460440605,0.488832609780688
"EIF2AK2",-0.942506716650326,0.0374910446181098,-0.0635040466286245,0.907220887056525,-0.587340978675607,0.0555966579618469
"ELK1",0.0936520747990404,0.788862407416991,-0.384540507120994,0.63272548653775,0.0508822981061146,0.830960708603025
"ENTPD1",-0.373843829379249,0.458248128943926,-0.277632977252174,0.766044048475867,-0.960620959472196,0.00198911487883008
"EOMES",-0.366251441821247,0.412458928115027,-0.780977543552307,0.421289711945906,0.345642977785888,0.366903492988403
"ERCC3",-0.124930005317976,0.664216632248657,-0.213163988089638,0.655673495777631,0.316650534355629,0.190856808204031
"ETS1",-0.419268813613204,0.368892821276224,-0.568310961845551,0.444223576274288,0.6622658598294,0.0340037018731688
"EWSR1",-0.00518412558305315,0.975770319016928,-0.168370753711386,0.676723184982114,0.433893857839292,0.0555966579618469
"F13A1",-0.519411190121639,0.392543207284871,-0.293851235529585,0.73078674151611,1.95094499158947,0.000260509901747807
"FADD",-0.0662704459206989,0.809893961873225,0.0442431050804561,0.936320210200911,-0.0129519052651865,0.959602063099627
"FAS",-0.404228074457045,0.200120864794852,0.0195317264152433,0.967478219547074,-0.751604211828225,0.00134238347051266
"FASLG",-0.627230885065479,0.259486555068433,-0.512659115798003,0.547517072557079,0.488640581787728,0.0880731560471895
"FCAR",0.774483901786899,0.195800273274882,0.248618964488376,0.688523117462791,-2.4176987868479,0.000607483433501758
"FCER1A",-0.790105503552155,0.195800273274882,-1.53852505128411,0.284558706627723,1.796011200007,0.00431306116808422
"FCER1G",0.0583312028259577,0.892001405363475,0.387334428861477,0.517879851816329,-0.816658589739424,0.0256366832766807
"FCGR1A",-0.711828855057983,0.300415759515994,0.254109164757514,0.546569100245798,-1.61928756542576,0.00107150887271187
"FCGR2A",-0.247059036306496,0.735104598521145,0.469800726847087,0.434883467552796,-0.400566946842726,0.409395064528387
"FCGR2B",0.0117695066892471,0.975770319016928,-0.0608042835695617,0.944816418908536,0.116007429828596,0.763805874706996
"FCGR3",-0.764098188169484,0.155168364089066,0.182655962570202,0.868372812691331,1.37449167344688,0.00114548458763339
"FCGRT",0.797273263981975,0.168806505567152,0.450188492552077,0.367487347780171,0.538753624685044,0.0906101981831542
"FKBP5",0.0624970641190394,0.795271416291392,0.309517053230406,0.429416313918868,-1.0102591866441,0.000295893843472617
"FLT3LG",0.6675374403376,0.13824110271582,0.020038932304157,0.972896080492413,1.26830339018072,4.03844461877255e-05
"FN1",-0.511586420656171,0.338114252787726,-0.433974878225451,0.466959086585395,-0.232517524521008,0.581493686786816
"FOS",-0.308492622571531,0.602493044440935,0.0206399874725953,0.972896080492413,0.491223837504256,0.334322835908244
"FOXJ1",NA,NA,NA,NA,0.324425313494701,0.0160000071378562
"FOXP3",-0.115281611113001,0.612811028994531,NA,NA,-0.25488596006884,0.449789809586499
"FPR2",-0.230510510406243,0.738834930434723,0.0260664342233721,0.971294029381405,-2.71327225812585,1.77266356899936e-05
"FYN",0.197180985449593,0.584493775330231,-0.408862413716749,0.444223576274288,0.597561812683079,0.0635481169774069
"G6PD",1.23213841062015,0.050281524229643,0.596481196927882,0.371879406221112,-0.411780959931322,0.216648487315181
"GATA3",0.937320546969828,0.112840450352809,0.332726382316974,0.768078510944807,0.0371705971391494,0.927976544722898
"GBP1",-1.0139866868148,0.116586225601117,0.0992096782334908,0.845467212791189,-1.06418406248732,0.0555966579618469
"GFI1",1.40318830097384,0.055686040709352,0.43216113973346,0.69867136485216,0.136820633617733,0.68858442847351
"GNAQ",-0.207908084250006,0.637675887877454,-0.256039258976214,0.628133023062089,0.124610270865267,0.642203741555818
"GNAS",0.0399916823210855,0.939210422405198,-0.0761454001124466,0.903050791380447,0.942542397592197,0.000750873668584559
"GNB1",-0.198982348473217,0.406917204060251,-0.0275803904212388,0.953632070663508,0.524190461056481,0.0358828505042627
"GNLY",0.0611476582515342,0.959133707447141,-1.26321170936221,0.371879406221112,-1.271488202998,0.0984043506418442
"GP1BB",0.642520461254874,0.324536531365129,0.178836983739144,0.855206577245221,1.42240208761624,0.000178991099336269
"GPI",0.293973231499843,0.55435186869748,-0.0225572149091775,0.971294029381405,0.465165497857132,0.101777261058198
"GPR183",0.0443230794442027,0.84763311425039,0.0883178074037847,0.88447933738977,1.14742377007222,0.000270231632590023
"GRB2",0.2513556169969,0.259486555068433,0.147115619018544,0.688523117462791,-0.0164572162343415,0.930080485000173
"GTF3C1",0.286109102116221,0.236374177184412,-0.234303622197719,0.813630414972154,0.19919674902581,0.447417569829255
"GUSB",0.356267343589098,0.324536531365129,-0.239683623926664,0.868372812691331,0.485448454785981,0.117852693408765
"GZMA",-0.148985406915912,0.850278914604743,-0.495863476942238,0.546935697267719,-1.43069519475858,0.00372689892458848
"GZMB",0.181661438924603,0.809893961873225,-0.215276734063046,0.875929494381779,-0.367899404437617,0.284932723583183
"GZMH",0.282737869940764,0.691146196715535,-0.206080595236363,0.886322869592513,0.338460509226556,0.360364213857495
"GZMK",0.804577063717481,0.100961727134593,-0.276381333699273,0.792998837808121,0.150331362592143,0.695059207714098
"GZMM",1.12379280710495,0.089306039339224,0.37304036614662,0.707257041554595,0.716212238005165,0.0996530188471417
"HAMP",NA,NA,NA,NA,0.139759607736806,0.557506765217345
"HAVCR2",-0.126456315669579,0.697798831712596,0.741301166914972,0.471569425035421,-1.25386255009582,0.00203942628568184
"HDAC3",0.329030060634295,0.186035157495104,-0.179485093439371,0.728133398871565,0.192281054954586,0.447885260801852
"HDAC4",0.488250090256249,0.271024697215709,0.441362948940009,0.333491867204706,-0.192735631329701,0.425559053036766
"HFE",NA,NA,-0.428304274172564,0.545973238063163,-0.340246398158643,0.276530585048542
"HIF1A",0.0480271031069694,0.88318157318739,0.177951865246937,0.688523117462791,-0.780838981097837,0.00736192833184049
"HLA-A",1.19852640917907,0.589628287440809,0.535375445907777,0.899128825348437,-0.644149789173387,0.618932646188582
"HLA-B",0.62330019867164,0.271024697215709,0.394840180405115,0.639739409733424,0.0255418768272939,0.95975805526061
"HLA-C",1.11637993784936,0.0703080278385873,0.427089202617955,0.6388301325657,-0.247737524766547,0.502934210390251
"HLA-DMA",-0.487648174589387,0.067658146451247,-0.0407743162595349,0.967478219547074,0.221609392622405,0.606241048404694
"HLA-DMB",0.804690621277062,0.0554734686287525,0.056181051553196,0.953632070663508,-0.150741298354106,0.80487008462619
"HLA-DOB",NA,NA,-0.611210709942116,0.466959086585395,0.0422511056732002,0.906639759658492
"HLA-DPA1",-0.527998063948694,0.390809091671674,-0.150597063500584,0.908945003886069,0.671835248880681,0.1371031223293
"HLA-DPB1",0.61143843735606,0.13824110271582,0.0451329261662945,0.967478219547074,0.128009934074241,0.817778805731646
"HLA-DQA1",-0.45034090190941,0.230905835093829,-0.20949601968797,0.807960766628768,0.771626744636799,0.0342630163154917
"HLA-DQB1",-0.133988118535196,0.618974420158514,-0.183829499150773,0.792998837808121,0.565970937869703,0.11579316196771
"HLA-DRA",-0.248259196830993,0.467328225033696,-0.0971467081838213,0.908945003886069,-0.238862300964447,0.624750501967348
"HLA-DRB1",-0.155359280946106,0.689737446077898,0.145343682409681,0.87790501263783,0.669393101926335,0.0592980688367478
"HMGB1",-0.357082580951293,0.608386780316412,-0.107822503651594,0.903050791380447,0.545123641732207,0.0912901373249877
"HMGB2",0.164704201727528,0.576157596276871,-0.00737878098897937,0.978261778184205,-0.705903143736736,0.0172425161816103
"HMGN1",NA,NA,-0.868400493726357,0.454637649778811,-0.567501091596969,0.12113151382571
"HPRT1",0.0284799915568339,0.90337607913264,-0.69651732252715,0.287501304231225,-0.614938720781296,0.0418606661764939
"HRAS",0.0779479876981801,0.838987735358543,-0.0431923578985289,0.967492762293064,0.180023495143399,0.502934210390251
"HSD11B1",NA,NA,NA,NA,0.128866147812041,0.436807568990684
"HSH2D",0.551135134349336,0.447401751041282,0.77937210898107,0.371879406221112,-0.151143523196509,0.628648271889793
"HSPB1",0.122022508837799,0.77844605699059,0.522620323682408,0.568016722896572,-0.427998867403293,0.237379780405584
"HSPB2",NA,NA,-0.484026724561586,0.444223576274288,0.294147152969883,0.125613215694
"ICAM1",0.565714914611683,0.304593465596955,-0.0625680877681383,0.908945003886069,-0.682858402080511,0.0320837008339765
"ICAM2",0.181934307653533,0.602493044440935,0.0769436537331547,0.903050791380447,0.905895837809865,0.000227155197460272
"ICAM3",1.02567114252343,0.063794237334178,0.511618290000706,0.454637649778811,-0.704216536525553,0.0542995356186848
"ICAM4",-0.336673890261633,0.789589730408624,-0.0313998783154972,0.974626316357233,-0.592267637171008,0.315636597893801
"ICOS",-0.414822253171255,0.259486555068433,-0.788705086156364,0.327628092285579,-0.861756513169976,0.0263004340147329
"ICOSLG",-0.0480776612951104,0.858570991350522,NA,NA,0.364909212970628,0.0419035532644409
"IDO1",-0.244062449942659,0.715927322792651,0.193915161045842,0.643969871939575,-1.46027395555248,0.0264413741566942
"IDO2",-0.116118597194253,0.864267992879593,0.104259715446871,0.881521494576279,-1.44948846157191,0.0114897080981269
"IFI16",-0.623826493013688,0.081688447738569,0.0944364645916558,0.816661233933368,-0.224344955005982,0.249331762270299
"IFI35",0.747792385220786,0.163717583791726,0.717352023515314,0.346384907869684,-1.20898837450582,0.00663424950450096
"IFI44",-0.681172861365905,0.176484715782166,-0.00970659277800756,0.975984469482266,-0.953071236999593,0.0851670550190568
"IFIH1",-0.4087716923681,0.132309169889294,0.251939682873864,0.568016722896572,-1.1434173160651,0.00663424950450096
"IFIT1",-1.17287381111067,0.155168364089066,0.42924798096421,0.466959086585395,-1.39303012372639,0.0309997212809706
"IFIT2",-0.947446046697515,0.0374910446181098,0.122065414414275,0.872534085304873,-1.49709269898917,0.0134096878934511
"IFIT3",-1.26359428161573,0.0433620083584366,0.295052983909377,0.547517072557079,-1.27077059013313,0.0273133207784016
"IFITM1",-0.335725610195274,0.259486555068433,0.258026788065271,0.460870683265676,-0.751818950918658,0.00198911487883008
"IFNA2",NA,NA,-0.346546224211882,0.582516112428618,-0.0505721786872515,0.827924689408412
"IFNA4",NA,NA,NA,NA,0.119009775873395,0.502934210390251
"IFNAR1",0.0121655510314653,0.975770319016928,-0.0824721899831493,0.903050791380447,0.206520537465916,0.323976674735764
"IFNAR2",-0.71540099893826,0.054559612812875,0.0258937442487062,0.953632070663508,0.265244012405325,0.35483065257414
"IFNB1",0.0481646993747571,0.837283750517219,-1.39101657071939,0.303874168093537,-1.42597220804447,0.00892071289265163
"IFNG",-0.489434038041868,0.253480838761663,-1.15782424427845,0.305447686797655,-1.54801125274393,9.74725883065054e-05
"IFNGR1",-0.245783333307164,0.691278570108313,0.273598181784596,0.545973238063163,-0.45390901948643,0.238036891072724
"IFNGR2",0.38974796049137,0.418620154516171,0.559841957075195,0.371879406221112,-0.646505058742477,0.150386611236322
"IGF2R",0.218653384154253,0.686241822271568,0.321885112045159,0.545973238063163,-0.108914736714137,0.763805874706996
"IKBKAP",-0.248951505611046,0.547182097440266,0.036659415093192,0.953632070663508,0.662841779008984,0.0276444527675574
"IKBKB",0.341470951951425,0.250818115122613,-0.0817390392947672,0.887925118800806,0.367916722073378,0.0581952554468265
"IKBKE",0.914002479552926,0.055686040709352,0.234756250618561,0.63272548653775,0.304061892225389,0.247556317621887
"IKBKG",0.729307343894167,0.050281524229643,-0.231621041322107,0.872890884269005,0.431444638965533,0.0880731560471895
"IKZF1",0.160326645201319,0.627902741519725,-0.100121561853314,0.872890884269005,0.425238335606672,0.035057286216351
"IKZF2",-0.599259271242071,0.103882985803793,-1.82238299663468,0.266180644526704,0.0649617148969686,0.896202999048441
"IKZF3",0.249122082820788,0.589628287440809,-0.121502482187203,0.891135568997975,0.842380821071078,0.018024817745451
"IL10",NA,NA,-0.453321205952923,0.492770726407413,-0.384367187768468,0.0882202631463542
"IL10RA",-0.0792048070393481,0.786388744144998,0.079639244276235,0.904239392408198,0.508672887067593,0.0512579584938525
"IL10RB",-0.319629795705463,0.259486555068433,0.301130616729369,0.441844882197514,0.0452482810596777,0.829367265721356
"IL11RA",1.2898573543122,0.0374910446181098,0.274897384171464,0.69867136485216,1.26326461537449,0.000434032468150847
"IL12B",NA,NA,NA,NA,0.333482216717639,0.0159261286562313
"IL12RB1",-0.0766263261731082,0.864267992879593,-0.0934965269833574,0.886322869592513,0.325651168345924,0.165999480228266
"IL12RB2",-0.450801450820024,0.360480064807791,-1.09855445898488,0.371879406221112,0.342634145233675,0.323976674735764
"IL13RA1",-0.436147399939147,0.39582740485323,0.0265449461586353,0.967478219547074,-0.404503498534296,0.361885760229974
"IL15",0.075904272049443,0.837283750517219,-0.401674739826086,0.371879406221112,-0.0236680593675054,0.956445814744274
"IL16",0.299253241547341,0.37717648553629,0.0564846625176258,0.908945003886069,0.264564616352464,0.16472028385275
"IL17A",NA,NA,NA,NA,-0.0281670001827337,0.917597536585492
"IL17B",NA,NA,NA,NA,0.288712225688703,0.0398653204245008
"IL17F",NA,NA,NA,NA,0.162656427077487,0.323976674735764
"IL17RA",0.323564209385225,0.438316400457697,0.293547017947603,0.444223576274288,0.186906036694067,0.522725689078462
"IL18",-0.164059435802589,0.580785078330028,-1.5634570259322,0.281672579356394,-0.678374793025442,0.0508781360840097
"IL18R1",0.124862233588444,0.715927322792651,-0.216287508290718,0.816661233933368,-1.12469753168344,9.74725883065054e-05
"IL18RAP",0.0400054301720703,0.959133707447141,0.407377156549188,0.568016722896572,-2.16107767233725,1.77266356899936e-05
"IL1A",NA,NA,NA,NA,-0.610629219845558,0.16483746142464
"IL1B",-0.764163838842634,0.252041082897979,0.182757019763551,0.760017309311651,-0.957131305930085,0.00202671752774068
"IL1R1",0.282334494076844,0.696937423575401,0.560232752971888,0.546569100245798,-0.512040789223628,0.190190527688501
"IL1R2",0.224980813712747,0.773745137763824,0.67074362290815,0.568016722896572,-2.77380252099216,0.00121814884786083
"IL1RAP",-0.468531511859041,0.392543207284871,0.468390148324115,0.492770726407413,-0.802393551394095,0.0146873027705585
"IL1RL1",-0.602382803095145,0.0578867511921608,-0.402534862979784,0.628133023062089,-0.349857073123038,0.280694336216518
"IL1RL2",NA,NA,-0.940669391994948,0.444223576274288,-1.09895431048551,0.0252132093390341
"IL1RN",0.527794931691356,0.392543207284871,0.769489330405095,0.305447686797655,-1.64381186699158,0.000260509901747807
"IL20",NA,NA,NA,NA,0.11295327275964,0.605604657735181
"IL21",NA,NA,NA,NA,-0.162089930730514,0.413065056695695
"IL21R",0.273791933574431,0.52394706154707,0.316602567616254,0.650647590591575,0.0664391353711693,0.845387019884194
"IL22RA2",NA,NA,NA,NA,-1.03371541263247,0.0450177487670759
"IL23A",-0.420369338117839,0.122509509142668,NA,NA,-0.224892695866298,0.477982340052193
"IL26",NA,NA,-0.554840311612998,0.547517072557079,-0.357051299499465,0.218336974316869
"IL27",NA,NA,0.620019499098233,0.444223576274288,0.0314407538090151,0.866487200111391
"IL28B",-0.38670410660581,0.537040517152898,NA,NA,0.214149277762989,0.159309640040712
"IL29",-0.499211798101436,0.406917204060251,0.190229856810898,0.883808893108192,0.0172344877255135,0.932728762562329
"IL2RA",-0.124105248123526,0.691146196715535,-0.710926683144396,0.479089996447799,-1.74510698601846,0.000178991099336269
"IL2RB",0.449922958363327,0.185172789223996,-0.432936436346274,0.444223576274288,0.126794862367992,0.763805874706996
"IL2RG",-0.226547491441529,0.688613023814337,-0.427896771507021,0.471569425035421,0.280270979557686,0.386722030882548
"IL3",NA,NA,NA,NA,0.194396299245294,0.28675226755308
"IL33",-0.177867715045874,0.427274699644448,-1.11232117322603,0.433852607643182,-1.52286325240481,0.00723081070654436
"IL4",-0.172642488066577,0.559370055478093,-0.095760556028571,0.925772792238347,0.470339982343461,0.164682390630615
"IL4R",0.766662195577691,0.108301563599152,0.284742587317492,0.534428177290924,-0.491680687619187,0.0488425162257344
"IL5RA",-0.369967431280333,0.195924390654492,-0.996777383571864,0.434883467552796,-0.938262467322026,0.0331544011268808
"IL6",NA,NA,-0.249908316577163,0.755636089662308,-0.306193152931852,0.520064997828641
"IL6R",0.361879231751935,0.360480064807791,0.367435384469873,0.545973238063163,0.261662204586311,0.477982340052193
"IL6ST",-0.42889729177063,0.145945033682347,-0.395462826237937,0.38502015362719,0.3912761507705,0.0508781360840097
"IL7",-0.0158328757294557,0.974557456482332,-0.991672000606068,0.337366342129182,0.442122471582215,0.201128329784846
"IL7R",-0.20491775029757,0.569404765777919,-0.325758924336895,0.687301273171341,1.00345493470846,0.00114586748369647
"IL8",1.08092087541414,0.185172789223996,-0.0563544714154514,0.936320210200911,-0.307520082279488,0.520672523987685
"IL9",1.30559762000398,0.0832026621874523,0.486441800268395,0.553583060876595,-0.853410447546797,0.078331622748113
"ILF3",0.232757551817016,0.508608797708122,-0.426225006862285,0.444223576274288,0.405902254295036,0.0635481169774069
"IRAK1",0.532338807621354,0.108301563599152,0.0567017720170249,0.908945003886069,0.171908112650806,0.415640554813101
"IRAK2",0.219322998536127,0.537795701902816,0.225006013316826,0.676723184982114,-0.460639371814155,0.0429943846281439
"IRAK3",0.0733314861691472,0.924985225850953,0.29248327186292,0.719852281308919,-0.924365231728665,0.0256366832766807
"IRAK4",-0.148391481910146,0.516172393626208,-0.312440523517669,0.444223576274288,-0.0230136012869515,0.905181107163888
"IRF1",-0.147337760483865,0.608386780316412,0.358453357625285,0.416424375239673,0.0165297043362873,0.95975805526061
"IRF3",0.394434479196654,0.176350848822307,-0.0792655853540989,0.886322869592513,0.381246633888134,0.135692392511348
"IRF4",-0.225170717331485,0.491695447463154,-1.41253108504142,0.266180644526704,-0.355893191669205,0.239576293261759
"IRF5",0.365443276682615,0.176350848822307,0.698897434887067,0.337366342129182,-0.344893642083303,0.275753448778061
"IRF7",0.985145250028044,0.13824110271582,0.791543754301291,0.369337565978895,-1.14011555755364,0.0607031449199938
"IRF8",-0.119222589818642,0.695870676630877,-0.0953340985698166,0.883808893108192,0.147320987020803,0.451716954848168
"IRGC",NA,NA,0.0276686153268733,0.974626316357233,-0.800815805608395,0.0352763102321252
"IRGM",NA,NA,-1.08787492115702,0.303874168093537,-0.624672642347924,0.0984043506418442
"ISG20",0.199367807437625,0.41752719438064,0.325169612631383,0.471569425035421,-0.521256496016399,0.0463783060388941
"ITGA2B",-0.0825862970860971,0.901328396393077,-0.153054813383898,0.896344862072263,1.4132177691157,0.000843939215771017
"ITGA4",-0.291714266759005,0.364165734202687,-0.491519425882764,0.367487347780171,0.524844536294173,0.0167426668454188
"ITGA5",0.530849165709993,0.255159138116806,0.552209850971181,0.287501304231225,0.405250866068075,0.0685271821248039
"ITGA6",-0.106733198540899,0.715927322792651,-0.271926891731895,0.707782216001204,0.973295787561797,0.0010713622247533
"ITGAE",NA,NA,NA,NA,0.240615983336848,0.0810282827065207
"ITGAL",0.409487200990736,0.392543207284871,0.0369237469881192,0.953632070663508,1.2031210861045,0.000748624442749691
"ITGAM",0.395235980051886,0.268597977978044,0.483760391892178,0.371879406221112,-1.11625921391291,0.0017288624483852
"ITGAX",0.656881279722214,0.13824110271582,0.315514798125811,0.545973238063163,0.438556603174301,0.0866223269406558
"ITGB1",-0.535059859053233,0.100961727134593,-0.33987503778307,0.466959086585395,0.583573478485121,0.0266912619516832
"ITGB2",1.04045251020596,0.0374910446181098,0.298662451201691,0.546569100245798,0.296551010924649,0.225623772156408
"ITLN1",-0.260746469627109,0.41752719438064,-0.523151918991823,0.534428177290924,0.161769481049729,0.566525026547338
"ITLN2",NA,NA,-0.0172215842777339,0.979349227380955,-0.487779377644163,0.0225076932530263
"JAK1",-0.484092413212132,0.0511102908787247,-0.319557634016263,0.545973238063163,0.435773864202513,0.0500426619547068
"JAK2",-0.258897048854539,0.427274699644448,-0.0544522024256526,0.908945003886069,-0.228509309901176,0.35077362356472
"JAK3",1.02554557538996,0.0662256127122073,0.300330393534992,0.479089996447799,-0.0740216522527923,0.766411397764249
"JUN",0.215940094430213,0.55435186869748,-0.0137544574220065,0.974626316357233,-0.631111427148262,0.0430896747456239
"KCNJ2",-0.652889438926628,0.282421246203793,0.0149225139387799,0.974626316357233,-0.579904377998876,0.0996530188471417
"KEAP1",0.0506127608907683,0.895389593566014,-0.230685899527298,0.821157154011136,-0.00194917133009032,0.993542878022863
"KIR2DL4",-0.19260508901538,0.537795701902816,NA,NA,0.427750469741291,0.0159976837778705
"KIR3DL1",NA,NA,NA,NA,0.12232306826837,0.550406409312655
"KIR3DL2",-0.131404729469118,0.821724181810816,-0.636693693536549,0.471569425035421,-0.431415837379958,0.223630819752653
"KIR3DL3",NA,NA,NA,NA,0.295408424082527,0.0778721463406423
"KIR3DS1",-0.149134155879143,0.838318646450496,-0.356099523994874,0.792998837808121,-0.460147171210337,0.338353636260831
"KIT",-0.28203123192031,0.314325645362542,NA,NA,-0.147504140572027,0.451716954848168
"KLRB1",-0.661747378187757,0.491695447463154,-0.738361400315542,0.609706181369796,-0.139953340214814,0.819840250117276
"KLRC1",-0.190652324075159,0.715927322792651,-1.11193284274588,0.367487347780171,-0.922688240296418,0.0162800675756576
"KLRC2",-0.932623834965802,0.0658792417115867,-0.963470874249675,0.441844882197514,0.333451713886206,0.571133820312411
"KLRC3",-0.200408476352155,0.569723593146917,-0.0942857798480752,0.907220887056525,1.60203684920501,0.000376617659729912
"KLRD1",0.157061737451336,0.788890906338785,-0.498711087043668,0.626450592540897,0.45844905182194,0.154059889515842
"KLRF1",-0.0320964955812872,0.938917314570098,-0.32830774616713,0.708505471473127,0.659522881144575,0.0256746172639497
"KLRF2",-0.0577380555702645,0.793975549988513,-1.40594618191122,0.287501304231225,-1.62077560718129,0.00437930308200443
"KLRG1",0.132047498426992,0.838987735358543,-0.972125731180626,0.367487347780171,1.53738441733923,0.00611170962384988
"KLRK1",0.0533116327952179,0.901586931649358,-0.149071621741921,0.899128825348437,1.37005773971931,0.000792601686909284
"LAG3",0.434244597050877,0.324536531365129,0.0562163976289183,0.946614088457207,-1.55932503073141,0.00498429831458118
"LAIR1",-0.0815405025658276,0.744167271771786,0.281011209934146,0.454637649778811,0.150777470436159,0.533305523481222
"LAIR2",NA,NA,NA,NA,0.166590808241842,0.277485009510414
"LCK",0.37062873329899,0.440941220878212,0.0835163728391297,0.908945003886069,-0.189356610753528,0.58098638882378
"LCP2",0.509629034759548,0.0658792417115867,0.170276239815058,0.662087901976944,0.340358736830176,0.10119443382923
"LEF1",-0.10858405183374,0.809893961873225,0.0332769506010875,0.967478219547074,0.705206518929068,0.0337788320583345
"LGALS3",0.374898485126771,0.418620154516171,-0.204992440951321,0.626450592540897,-0.744049447238471,0.00663424950450096
"LIF",NA,NA,NA,NA,0.214900910361872,0.126350780408266
"LILRA1",-0.621280733119686,0.108301563599152,-0.277290467056019,0.634060412481113,0.572466610244327,0.167345585237778
"LILRA2",-0.199633252086667,0.795271416291392,-0.133362895978626,0.908945003886069,-0.836711596398036,0.0685271821248039
"LILRA3",0.956853767361052,0.336023566545636,0.725993820747981,0.281672579356394,-1.11535990673113,0.0358828505042627
"LILRA4",0.553181091636165,0.0535298548448411,0.137063329167558,0.875929494381779,-0.409613869037843,0.126291466961782
"LILRA5",1.18795768192482,0.121290414237818,0.845282147602546,0.303874168093537,-1.35364362406239,0.00870662059499793
"LILRB1",-0.214721749724128,0.765367157305302,-1.74363120896432,0.284558706627723,-1.7453685256011,0.0258914770286356
"LILRB2",0.405085279006331,0.218276778785213,0.550888550788494,0.421289711945906,0.622326586009109,0.0512579584938525
"LILRB3",1.16303339913561,0.141178927796701,0.662282933399544,0.316101440574304,-1.68241614075363,0.00143400928269101
"LILRB4",0.00354962665282876,0.987986651280314,0.142144840118264,0.908945003886069,0.455542220809022,0.025369856323162
"LILRB5",NA,NA,-0.0188559831504858,0.974626316357233,0.0309828004412012,0.887860600510155
"LIMK1",1.03973754125519,0.050281524229643,-0.147902741582651,0.875929494381779,-0.147133308459287,0.641684768328974
"LITAF",0.552991491706599,0.237247757488252,0.892418245993399,0.281672579356394,-0.589102618958616,0.00919126032716103
"LTA",NA,NA,NA,NA,0.341039574137683,0.0129939478136225
"LTB",0.122716427572342,0.715927322792651,0.19509679970546,0.656805521624277,0.565226981930175,0.0206683102219664
"LTB4R",0.0489228277076821,0.939062694594241,0.39880414035092,0.534428177290924,-0.615681775201066,0.0450177487670759
"LTB4R2",0.154081866382954,0.50022870356718,-0.321131611905401,0.626450592540897,0.14296175947542,0.348276326115201
"LTBR",-0.109807561498282,0.778069098719145,0.304622110112104,0.547517072557079,-0.158248051741525,0.642203741555818
"LTF",-0.144546216921893,0.895939348245471,-0.0759556621788553,0.914560908350019,-2.57381127469143,0.00316935336555424
"LY96",-0.248604376286343,0.676930351173534,0.326223285456717,0.441844882197514,-0.521604099851519,0.167345585237778
"MAF",0.240495570875684,0.484025486076244,-0.658056911267763,0.346384907869684,0.524222801563658,0.0331544011268808
"MAFF",-0.100708724626755,0.809893961873225,0.198766675355195,0.769927630839027,-0.482198538274237,0.103805145855008
"MAFG",0.442262174160042,0.149414296296301,0.239593953093451,0.568016722896572,-0.0327917231573744,0.87925647476058
"MAFK",0.49280875082909,0.223224838046278,-0.193945026098497,0.872890884269005,-0.122368756891023,0.571789557451477
"MALT1",-0.110090599935987,0.695870676630877,-0.456583841624985,0.371879406221112,0.375062725574455,0.0866223269406558
"MAP2K1",-0.42257248069375,0.176350848822307,-0.205276680921247,0.741856624016783,0.0156787516464316,0.960591193815117
"MAP2K4",0.078786925190828,0.825710823747578,-0.177225897194235,0.649158027300438,0.458732805412085,0.0803445248341622
"MAP2K6",0.0636003675297223,0.863476422783829,-0.987371424162938,0.294393631837796,0.706145008720181,0.0234399327184478
"MAP3K1",-0.165296637522939,0.516172393626208,-0.286193356757623,0.47163180252583,0.511197840576614,0.00573157409040608
"MAP3K5",-0.209183520473966,0.360480064807791,-0.0853513848967236,0.872890884269005,0.235053119161915,0.150386611236322
"MAP3K7",-0.0431224813113182,0.895939348245471,-0.85757870074304,0.294393631837796,0.343864306105937,0.140600883541384
"MAP3K9",NA,NA,NA,NA,0.371992754646486,0.0645998462856444
"MAP4K1",0.556595850345028,0.223224838046278,-0.058496362236518,0.931654705801301,0.557831846657971,0.0881760534133526
"MAP4K2",0.767702062375066,0.0446529864506435,0.491127228396049,0.329964702913749,0.613911629627175,0.00764591296999403
"MAP4K4",-0.411575742836225,0.739802971204245,-0.0343306481429426,0.972896080492413,0.838290074159168,0.125780822452558
"MAPK1",0.0322961493168386,0.891274805371886,-0.192697876655153,0.645010586120244,0.156035609176312,0.329460156294761
"MAPK11",0.63538016933068,0.0574501090072232,NA,NA,0.444031400833652,0.167345585237778
"MAPK14",-0.59747501061263,0.207126844989424,0.15976509149956,0.816590897588092,-0.0822583532634624,0.739221444179269
"MAPK3",0.213575046936405,0.537991309767135,0.441006166306991,0.346384907869684,-0.00142248907697251,0.993542878022863
"MAPK8",0.0361143517344162,0.895939348245471,-1.45858580654659,0.281672579356394,-0.331292154892282,0.317357524355099
"MAPKAPK2",0.298609828407475,0.364165734202687,0.0843901060215693,0.855206577245221,0.0895783401913697,0.708899519424424
"MAPKAPK5",0.116846306152179,0.694543664477447,-0.270747472244064,0.488274610231245,0.521381441090357,0.0110903124126941
"MASP2",NA,NA,NA,NA,-0.629608208619745,0.10119443382923
"MAVS",0.628332196735849,0.0374910446181098,-0.206473343657297,0.816590897588092,0.119553466324069,0.533588975604169
"MAX",0.0539291872506666,0.895389593566014,0.109151208122368,0.813630414972154,0.627651837115021,0.00838490147844279
"MBL2",NA,NA,NA,NA,-0.308032506800672,0.343841994402254
"MBP",0.71721634816315,0.194784427771087,0.00830071531462195,0.979349227380955,0.0444994240279808,0.887860600510155
"MCL1",-0.148882493050817,0.651448925371374,0.194892041182234,0.547517072557079,-0.291342454877471,0.217822915085133
"MEF2A",-0.218672285368632,0.502113777972213,-1.25012711767291,0.266180644526704,0.211119515614806,0.33456684353107
"MEF2BNB",NA,NA,0.0253637445922372,0.974626316357233,0.158177058932131,0.364512336674017
"MEF2C",-0.551059644358173,0.171352145065721,-0.883932111246656,0.294393631837796,0.617456552538755,0.01125817022196
"MEF2D",0.173231477720104,0.559370055478093,0.321879799498552,0.488274610231245,0.676999127334205,0.00109701159719073
"MIF",-0.0614770258541029,0.838987735358543,-0.0634823900601669,0.907627226165173,-0.403044145928572,0.114745102183833
"MKNK1",-0.0158680355742291,0.958933055641683,0.0157483547801087,0.973950838973335,-0.30950463875217,0.323976674735764
"MME",-0.352020002915053,0.686241822271568,-1.25741733140619,0.284558706627723,0.997530462394657,0.0252132093390341
"MMP3",NA,NA,NA,NA,0.322577957490354,0.0508781360840097
"MMP9",0.333649174520055,0.715927322792651,-0.160163264918509,0.821157154011136,-0.36264284392068,0.422940995908835
"MR1",NA,NA,0.250185515631495,0.628133023062089,-1.03648534488436,0.00198911487883008
"MRC1",0.127498909584316,0.599407833088697,-1.12653282292582,0.346384907869684,-0.495167078210419,0.20259924185697
"MS4A1",-0.191332914635128,0.683390787391487,-0.124550270839459,0.903701185099928,-0.419016161795249,0.503248945100778
"MS4A2",-1.05558211233209,0.0511151568283108,-1.17030406982311,0.284558706627723,1.23151964182777,0.00721103090706309
"MSR1",NA,NA,-0.464437894481864,0.681582169774571,0.745201521107085,0.0134096878934511
"MX1",-0.539530416936662,0.193651502779748,0.453832035833045,0.371879406221112,-1.18116419967417,0.0309224360443414
"MX2",-0.499274730882581,0.0658792417115867,0.312209872027495,0.454637649778811,-0.56633633413216,0.194781046285281
"MYC",-0.526226632377102,0.279010971840696,-0.459439761645078,0.56317372040207,0.0757743546683223,0.763805874706996
"MYD88",-0.0820779753545704,0.76408882861659,0.428551502775594,0.38502015362719,0.563368485882245,0.0243160861603462
"MYL2",-0.296883884711121,0.491252078194564,NA,NA,NA,NA
"NCAM1",NA,NA,0.347546750202718,0.73078674151611,-0.19340761980486,0.271951482688077
"NCF4",0.963388466927022,0.141554355442352,0.687696961090836,0.284558706627723,-0.465058997979654,0.132244630659779
"NCR1",0.86514449732825,0.0374910446181098,0.330363734942061,0.649158027300438,-0.25263853517535,0.423758998967826
"NEFL",NA,NA,NA,NA,0.0427641112194097,0.819533301970131
"NFATC1",0.522394037930248,0.0658792417115867,0.151808501091571,0.712642158467496,0.451441956981564,0.0358828505042627
"NFATC2",0.533747346312047,0.259486555068433,0.268083612768604,0.73078674151611,1.23112768751616,0.00202671752774068
"NFATC3",-0.14446132047159,0.666755012923716,-0.437539026402143,0.421289711945906,0.925110397368728,0.00262108954047071
"NFE2L2",-0.280067648155324,0.427274699644448,0.059648933979771,0.907627226165173,0.0725796274243056,0.770572192998759
"NFIL3",0.258705648786416,0.636739288917298,-0.0941244315986722,0.908945003886069,-0.911761280846697,0.00737268843178216
"NFKB1",-0.124500775298674,0.691146196715535,-0.0967917441371107,0.845179949002288,-0.0242304459187412,0.917597536585492
"NFKB2",0.253304748397707,0.527274955836598,0.281851560569196,0.551486429679795,0.209056075486671,0.447885260801852
"NFKBIA",0.205495251063299,0.455073206189156,0.426737467447692,0.439966654039196,-1.19103550347919,0.000376617659729912
"NFKBIZ",-0.0163609547388628,0.954253673064435,0.184154807182525,0.725982280400052,0.070491952843069,0.809769293084206
"NLRP3",0.045182015788213,0.889518893729343,-0.0601440164671292,0.930969493489225,-1.09449943804066,0.00203942628568184
"NOD1",0.597021104650499,0.050281524229643,-0.327296334376993,0.547517072557079,-0.607593885197828,0.128790793450062
"NOD2",0.212911038645112,0.539314965410956,0.211133718559726,0.546569100245798,-0.521901768629617,0.0738381769363613
"NOTCH1",1.11358975365648,0.050281524229643,0.429700559778768,0.404080353558812,-0.0430725538231069,0.867070658173782
"NOTCH2",-0.473325197742222,0.0651314315938245,-0.142633352367374,0.725982280400052,0.684117623958235,0.00213774900284961
"NOX1",NA,NA,NA,NA,-0.286641910956069,0.409395064528387
"NR3C1",-0.424946095627345,0.128399305748178,-0.319107799404355,0.503861423606948,0.240586084168305,0.355046587063326
"NT5E",NA,NA,-0.659517244078702,0.466959086585395,-0.258467962531319,0.365865395600279
"NUP107",-0.365552959541452,0.121290414237818,-0.505669495782434,0.520301682582913,0.0747216130291779,0.777643595933018
"OAS1",-1.40850953723954,0.0792848764772222,0.623917835661539,0.303874168093537,-0.715723011560241,0.153753610835512
"OAS2",-0.814782442571873,0.050281524229643,0.293499644883429,0.488274610231245,-1.10086227900324,0.00281561793380691
"OAS3",-0.105881111480753,0.809893961873225,0.656421337257305,0.294393631837796,-1.10784050191029,0.0273133207784016
"OASL",-0.0267603579065803,0.952911948753603,0.237801547840629,0.547517072557079,-0.942491909369162,0.0282188782205061
"OAZ1",-0.488603874789145,0.591497638428108,-0.120254414978941,0.887925118800806,0.00677474473464912,0.986353305694849
"OXER1",0.764318038548516,0.0420143322093905,-0.101161400262383,0.908945003886069,0.245626650896728,0.11996543470774
"PAX5",0.621874532261592,0.0658792417115867,-0.232974084645082,0.766854726950999,NA,NA
"PDCD1",1.23645651294701,0.0658792417115867,0.358113839233567,0.725982280400052,-0.381160014830851,0.344119544848363
"PDCD1LG2",-0.223535788072883,0.406917204060251,0.0197265919063128,0.974224034181668,-0.408842705206218,0.153721620348437
"PDCD2",0.253696052839524,0.455073206189156,-0.161977965529245,0.766044048475867,-0.463112878395479,0.126350780408266
"PDGFA",-0.19128735423211,0.452391513301493,NA,NA,0.184384714512362,0.222679217569625
"PDGFB",0.0385040631166182,0.903764194311227,0.019668659747083,0.975984469482266,0.544551510798884,0.134243056190388
"PDGFRB",NA,NA,-0.149956073607984,0.875898030260599,NA,NA
"PECAM1",-0.44342329061965,0.108301563599152,0.0709131957407312,0.925772792238347,0.66993568290113,0.00288129714483489
"PIGR",NA,NA,NA,NA,0.209533055631514,0.164304574161703
"PIK3C2G",-0.131104573474267,0.582632172409256,-0.838319505891973,0.454637649778811,-0.190624174105771,0.513913132611867
"PLA2G2A",NA,NA,NA,NA,-0.898797128864278,0.00737268843178216
"PLA2G4A",-0.234269275775739,0.540421618347099,-0.155533377865906,0.887302282540463,-0.47516053341629,0.0803445248341622
"PLA2G6",0.289930260476519,0.359247305029745,-0.767637425832278,0.346384907869684,0.251751982833101,0.128790793450062
"PLAU",NA,NA,0.615583469098456,0.545973238063163,0.19220453420732,0.234323373061367
"PLAUR",0.659407921811153,0.314325645362542,0.866679033132931,0.367487347780171,-1.61880630300178,0.000845696440131439
"PLCB1",-0.196702543551432,0.568342748432365,NA,NA,0.725706001840956,0.000634910400037076
"PMCH",NA,NA,-0.914554492700497,0.444223576274288,-1.20989603730312,0.00974325485771886
"PML",1.27316636140637,0.0420143322093905,0.646812041708202,0.402684234001955,-0.841832933880276,0.00863809302129718
"POLR2A",-0.108357356746604,0.691146196715535,-0.0403729868689311,0.932308295316066,0.544324137047145,0.009930003228442
"POU2F2",0.386692450053677,0.320382653953655,0.408442650682277,0.702907595860348,1.0013229708249,0.000792601686909284
"PPARG",NA,NA,NA,NA,-0.473459066555944,0.157498956426349
"PPBP",-0.413315831481661,0.467328225033696,-0.12065504063931,0.903050791380447,1.2581921155393,0.00295480804006639
"PPIA",-0.0789431098202744,0.779571485299596,-0.656913223998576,0.287501304231225,-0.518464291627341,0.0508781360840097
"PPP1R12B",-0.0439645011483298,0.895939348245471,-0.387306439851564,0.682286022972205,0.682969499486604,0.00802204705427897
"PRDM1",-0.0952451128443208,0.819978776119238,0.0166502737621048,0.971294029381405,0.121592451575824,0.641684768328974
"PRF1",0.277390482789485,0.683390787391487,-0.425250681697227,0.668121742666628,-0.794577002046337,0.033793707996485
"PRG2",NA,NA,NA,NA,-0.20945992310803,0.817778805731646
"PRKCA",0.104374874998437,0.744167271771786,-0.731228186666152,0.367487347780171,0.363456942713736,0.108397474496228
"PRKCB",-0.249721129685357,0.252041082897979,0.0100425557671784,0.97583630837123,-0.106013376794268,0.601317297862933
"PRKCD",-0.24871998754649,0.559370055478093,0.417403009955665,0.371879406221112,0.451681896465473,0.0810282827065207
"PSMB10",0.620127521025561,0.13824110271582,0.173214782187019,0.73078674151611,-0.755825915341354,0.0252132093390341
"PSMB5",0.0597049490399151,0.795271416291392,0.242699492412401,0.648001574186367,-0.315720842599333,0.179197101681243
"PSMB7",-0.204223561478711,0.392543207284871,-0.28476677476463,0.477999540193815,-0.210596599655208,0.318031281124353
"PSMB8",-0.111328640081087,0.76511987141087,0.260004083928026,0.471569425035421,-0.317294328662998,0.151809916500046
"PSMB9",0.252020465323918,0.451843794205191,0.462881512240681,0.371879406221112,-0.468892850758724,0.0320837008339765
"PSMC2",-0.418165408913953,0.357848211476031,-0.367554709678018,0.421289711945906,-0.392375896671769,0.0829940730188774
"PSMD7",-0.441380330397491,0.13824110271582,-0.45042183423138,0.333491867204706,-0.264820791116215,0.159368119847626
"PTAFR",0.534221592199597,0.303411243986253,0.767141685126125,0.324797067689694,-0.932653544057887,0.0352763102321252
"PTGDR2",NA,NA,NA,NA,0.381650267057299,0.00731627316521164
"PTGER2",0.39523632634369,0.168806505567152,0.341342978528767,0.705933699661433,0.232981791310669,0.292164660625944
"PTGER3",0.747390795305567,0.108301563599152,-0.781050510372514,0.444223576274288,0.303852267769967,0.284932723583183
"PTGER4",0.0723048850616905,0.859151227040112,0.177535312230422,0.73078674151611,0.289251381536952,0.114174377258188
"PTGFR",NA,NA,-1.43697366875334,0.353946374377897,-0.809003957342687,0.10119443382923
"PTGIR",0.177803340641108,0.695870676630877,-0.161763656724441,0.904239392408198,0.736987849796349,0.00114548458763339
"PTGS1",-0.156034329897985,0.695870676630877,-0.560427177924586,0.444223576274288,1.06505180599602,0.000607483433501758
"PTGS2",1.76777647812639,0.0446529864506435,0.729806790750862,0.371879406221112,-0.0124661778416453,0.981920021348389
"PTK2",-0.259499322614428,0.504457762541051,-0.230149628068547,0.605219500882007,1.19519759281992,0.000178991099336269
"PTPN2",-0.346501708494754,0.236374177184412,0.107433039680265,0.855206577245221,0.00897615910113103,0.974988405211842
"PTPN22",0.0312060918446431,0.938917314570098,-0.0758302842555851,0.915724511053013,-0.30398825208442,0.2483138997458
"PTPN6",0.867018616853803,0.050281524229643,0.269509107758061,0.611853101480842,-0.468520448990118,0.150369291678013
"PTPRC",-0.2480472639993,0.352368374695151,-0.110931299419628,0.813630414972154,0.122371107938285,0.563050551209871
"PYCARD",-0.0393563419556333,0.895939348245471,0.333343139252349,0.444223576274288,-0.632976693879449,0.0162800675756576
"RAC1",-0.387024979966945,0.295973970348021,0.0777723989647523,0.899128825348437,0.888642724778467,0.000792601686909284
"RAF1",0.589923397725679,0.108301563599152,0.110581214520765,0.833766656760133,-0.276376446835835,0.106709477522785
"RAG1",-0.214973857314813,0.715927322792651,-0.515916879414619,0.568016722896572,-0.239247753965447,0.351158651447563
"RAG2",NA,NA,NA,NA,-0.0321697778477734,0.896202999048441
"RAPGEF2",0.486977387768906,0.176350848822307,-0.795135492065294,0.433852607643182,-1.4258461190699,0.00198911487883008
"RARRES3",-0.339871991467174,0.338114252787726,-0.135868255636055,0.813630414972154,-0.447816724252649,0.0650862925928129
"RELA",0.67893158769755,0.0449776826971502,0.369336931315753,0.404062757632644,-0.422360944306074,0.12544201956736
"RELB",0.434414148240443,0.257915633390001,0.231706604139977,0.816661233933368,0.0653250322254353,0.826436815848633
"REPS1",0.0281755152822072,0.931618379322849,-0.419644316786606,0.441326709184024,-0.00409711196981988,0.988018255724723
"RHOA",0.0152108425795277,0.946153958294277,-0.0824058765655504,0.883808893108192,0.224238820847892,0.217351370583912
"RIPK1",0.0651913386612888,0.831367586723719,0.102291916354378,0.883808893108192,0.403347093502639,0.0891092313139834
"RIPK2",-0.330871340911795,0.259486555068433,-0.246098784600977,0.630382308629551,0.196844599699562,0.432782267415456
"RNASEL",-0.12678290791984,0.705872061922965,-0.119792744457631,0.852120224226414,-0.342029667394086,0.283836453064206
"ROCK2",-0.096232427506723,0.695870676630877,-0.239662460014922,0.477999540193815,-0.117114269976389,0.533058244512981
"RORC",NA,NA,NA,NA,0.0611455546154165,0.777931051115503
"RPS6KA5",-0.386191973358716,0.224517959190572,-0.774134232395656,0.266180644526704,0.166847372065847,0.377018990259573
"RUNX1",-0.100947518705645,0.732629096407527,-0.0462929436623778,0.92604946564206,0.94678033635617,0.00187273855660242
"S100A8",0.092333387213472,0.939062694594241,0.691199529916798,0.38502015362719,-3.23243978712745,0.000167541018012647
"S100A9",0.0838666401663435,0.939210422405198,0.69178672995821,0.346384907869684,-2.90864899690027,0.000178991099336269
"S1PR1",-0.123462022552053,0.695870676630877,-0.225661068748865,0.676723184982114,0.421407100719753,0.0880731560471895
"SDHA",-0.188262149019794,0.413163013700972,-0.162890001436743,0.679183454624855,0.431566753968969,0.0342630163154917
"SELL",-0.555312627984136,0.295973970348021,0.239490403480332,0.568016722896572,-0.783108119878152,0.00149724397659037
"SELPLG",1.07800476845968,0.0374910446181098,0.616813863369995,0.353453816962595,-0.935292584492734,0.0101700471978854
"SERPING1",NA,NA,0.289780556326065,0.649158027300438,-1.69375697619732,0.030764439653648
"SH2D1A",0.250044350780357,0.680040044568247,-0.226753079094618,0.855206577245221,0.182922550217924,0.601317297862933
"SHC1",0.155886525938069,0.589628287440809,-0.0446726207399939,0.950188191718465,0.13569026973471,0.410558992819617
"SIGIRR",1.88478099652338,0.0374910446181098,0.232250515109483,0.725982280400052,0.449404538026089,0.190856808204031
"SIGLEC1",NA,NA,0.662880138657565,0.503861423606948,-0.163281183967253,0.69622135406214
"SIRPA",0.189648167471869,0.738834930434723,0.551849450540562,0.303874168093537,-0.010134519696912,0.982773037394011
"SKI",1.64816397722569,0.0374910446181098,0.173603454315251,0.749184056479954,0.0451457603034209,0.873326943032682
"SLAMF1",-0.203200554812266,0.537795701902816,-0.278268929136474,0.628133023062089,0.806982745043632,0.00635594002923332
"SLAMF6",-0.10176491568004,0.821724181810816,0.0804280838151206,0.91724751838429,0.296882564554243,0.385497403902092
"SLAMF7",-0.216031132649817,0.695870676630877,-0.322798695097919,0.720666251236467,0.415433031156454,0.284932723583183
"SLC2A1",-0.476353632925734,0.508687771844736,-0.185202889846975,0.87790501263783,-0.603515921165569,0.290902053747595
"SMAD2",-0.403115293715061,0.100961727134593,-0.165580341887565,0.687122860976605,0.379913168467992,0.0743966390707883
"SMAD3",-0.211407085768194,0.667814987793606,-0.371439263951859,0.687301273171341,0.914642612939114,0.0185311145654604
"SMAD5",-0.186456444983083,0.559370055478093,-1.18848851653784,0.284558706627723,-0.313145972562411,0.467252966450349
"SMAD7",0.557779126227948,0.303411243986253,0.207342890686443,0.792998837808121,0.813896811697641,0.00426508248223934
"SMPD3",NA,NA,NA,NA,0.308334987604933,0.0335796127677783
"SOCS1",0.693083388309482,0.259486555068433,0.546708590005748,0.444223576274288,-1.71111722153264,0.00379464188715308
"SOCS3",0.987433887864951,0.217206159558762,0.908079548505011,0.303874168093537,-1.76783694062248,6.046498611656e-05
"SPP1",NA,NA,NA,NA,0.198843651948714,0.237379780405584
"SRC",-0.00349807889566556,0.990836620871229,0.311058678309977,0.557729177695542,1.00773493722435,0.000295893843472617
"STAT1",-0.339418128734945,0.314325645362542,-0.0111352006073577,0.974626316357233,-0.0661270559087619,0.864628645615094
"STAT2",-0.352506975515654,0.295973970348021,0.31422822671485,0.433852607643182,-0.334819895014519,0.40386165493208
"STAT3",-0.235867583021397,0.271024697215709,0.324176183776022,0.429416313918868,0.0488856291039514,0.868896697680528
"STAT4",-0.0902411734935971,0.789589730408624,-0.619466841970317,0.284558706627723,0.634316246443097,0.0167426668454188
"STAT5A",0.27092632871137,0.339135558039908,0.365213974004183,0.466959086585395,0.293901654235803,0.217822915085133
"STAT5B",0.00312442626682952,0.990640016487093,0.30324024621441,0.460870683265676,0.470820816972875,0.0500426619547068
"STAT6",0.678104823215387,0.0578726568834987,0.10294667177032,0.87790501263783,0.579981352410345,0.00885673932238932
"SYK",-0.604392028303819,0.13824110271582,0.325763469609779,0.487707071887617,0.19946125039724,0.51795611185176
"TAGAP",-0.384439794054714,0.155324733837714,0.0719100139606361,0.908945003886069,0.295452379100475,0.292335817202962
"TAL1",-0.595915600692053,0.439329120630638,-0.575896950669124,0.628133023062089,0.0656289161543953,0.901446499048533
"TAP1",-0.150452218391374,0.641928715285393,0.190389016080408,0.656805521624277,-0.298753711287091,0.319526991816664
"TAP2",1.28059130513903,0.0374910446181098,0.449663532661612,0.545973238063163,-0.756256971303436,0.0584065643427173
"TAPBP",0.682159640181201,0.122775167846832,0.395338919932328,0.367487347780171,-0.181182888274019,0.403525971876291
"TARP",-0.290263946241026,0.671254152385945,-0.548957690776874,0.626450592540897,0.928769428364747,0.0115907012368644
"TBK1",0.0322539214651041,0.895939348245471,-0.0624397536488726,0.908945003886069,-0.665986736359214,0.00579431101092956
"TBP",-0.381923324111231,0.486769572967835,-0.413717036626109,0.688523117462791,0.591388999590431,0.0976035539058631
"TBX21",0.422243305429772,0.481477618615146,-0.058609773462857,0.953632070663508,0.988053903160589,0.0243160861603462
"TBXA2R",0.787065043735413,0.0374910446181098,-0.173551157335715,0.875898030260599,0.256038871369753,0.0912901373249877
"TCF4",-0.731306845202506,0.067658146451247,-0.734014611627543,0.431621852300335,-0.190706972708774,0.582465736667542
"TCF7",1.19675282592841,0.050281524229643,-0.243105307293066,0.855206577245221,1.34834283425882,1.5982445528981e-05
"TFRC",-0.381857441985122,0.390809091671674,-0.223451924148641,0.668121742666628,-0.755639821419466,0.0550521691912635
"TGFB1",0.425112724742782,0.236374177184412,-0.0673386722491056,0.908945003886069,0.990245976366229,0.000792601686909284
"TGFB2",-0.431698048417361,0.259486555068433,-1.42169095568841,0.281672579356394,-0.293593454872576,0.41349063399077
"TGFBI",0.0841631884482084,0.838987735358543,0.127066109979313,0.908945003886069,0.364164018853235,0.607438304005603
"TGFBR1",-0.247253074103936,0.427744233254103,-0.450550064078804,0.371879406221112,0.145255965211188,0.532503707959603
"TGFBR2",0.0627607050914261,0.819978776119238,0.190122396433122,0.676723184982114,0.464706972360105,0.0389892705960571
"THBS1",-0.294894529413023,0.659249621733548,-1.05440938442404,0.303874168093537,-0.365722739977187,0.342457778259198
"THY1",-0.147181582151271,0.776390558072165,NA,NA,0.433248156160113,0.0122661509086855
"TICAM1",0.0382560390303643,0.91732486916484,0.55994422532346,0.421289711945906,-0.00686114010308625,0.97385000653962
"TIGIT",0.00690847999489286,0.980408501673069,-0.333862359871953,0.466959086585395,-1.11082501638827,0.00305005126718866
"TIRAP",0.636158515930307,0.0374910446181098,-0.126925558183415,0.855206577245221,0.652565291925778,0.0127385195579377
"TLR1",-0.373873298870894,0.482640721525484,-0.148438474245363,0.816661233933368,-0.721547595948087,0.0226044560631425
"TLR2",-0.294442764905851,0.664216632248657,0.116719609430712,0.830175986805936,-0.707714955739696,0.106910226849522
"TLR3",-0.296201072307275,0.168806505567152,-0.621623977774355,0.471569425035421,-0.17000092352956,0.477982340052193
"TLR4",-0.674569878270226,0.354345252970166,0.133795710964703,0.855206577245221,-1.06646219075454,0.0419528582199717
"TLR5",-0.11444277821539,0.888764596689501,0.853498239699809,0.353946374377897,-0.252597309737142,0.463977176762368
"TLR6",-0.13941175499912,0.809893961873225,0.18009677394379,0.792998837808121,-0.548213051929483,0.110833047417317
"TLR7",NA,NA,-1.3215139440287,0.266180644526704,-0.39545880919209,0.249331762270299
"TLR8",-0.533919252533883,0.314325645362542,0.0477637137174991,0.908945003886069,-0.177850449226487,0.63866066758989
"TLR9",0.0560300030789707,0.744167271771786,0.10187062731247,0.910209422649011,0.22571335433905,0.110451384006198
"TMEM173",0.585108517529547,0.0568234189750667,0.942318905461246,0.287501304231225,-0.758874885904023,0.00663424950450096
"TNF",-0.248481967653528,0.502013980196384,-0.470895929922736,0.546569100245798,1.34350935608171,0.000227155197460272
"TNFAIP3",0.564941078075044,0.243436827240399,0.362543462767773,0.421289711945906,0.295349766223994,0.266193410461579
"TNFAIP6",NA,NA,NA,NA,-0.00415411701561386,0.988018255724723
"TNFRSF11A",NA,NA,NA,NA,0.386086293002955,0.0508781360840097
"TNFRSF13C",1.3701022316723,0.0511792057376978,0.757252344929571,0.41419642564848,-0.30830070224594,0.288789434003202
"TNFRSF14",0.677664575284674,0.100961727134593,0.46674293634819,0.460870683265676,-0.12581503673899,0.726109772567457
"TNFRSF17",-0.460544874558233,0.149414296296301,NA,NA,0.0218828084611724,0.930062279046153
"TNFRSF18",NA,NA,-0.29622663936692,0.643225487345044,-0.897875942882704,0.0162800675756576
"TNFRSF1B",0.628542989106817,0.100961727134593,0.535675607341881,0.322458190692996,0.233089225191586,0.361885760229974
"TNFRSF4",NA,NA,-0.446452546163165,0.477999540193815,-0.346979469206226,0.220709498435328
"TNFRSF9",0.0343228012853567,0.928500401441006,NA,NA,-0.0729600147246892,0.77684765929364
"TNFSF10",0.0296266945913182,0.94714224631568,-0.377402139880497,0.610896020694204,-0.628688222783007,0.0575006175812073
"TNFSF11",0.159239517729041,0.583951858559498,0.333128797060708,0.73078674151611,-0.338151402494134,0.183811547158736
"TNFSF12",0.25023509833035,0.314325645362542,0.236575079242535,0.630382308629551,0.552226278999552,0.0506082147097018
"TNFSF13",-0.195588967699319,0.521855387368099,0.327137098939073,0.546569100245798,-0.127213430063864,0.823548715460113
"TNFSF13B",-0.417972738851804,0.168806505567152,0.424544536321607,0.371879406221112,-1.01531592136364,0.0786537528335807
"TNFSF14",-0.19452987512211,0.686241822271568,-0.618415708338378,0.454637649778811,1.16380582305336,0.000287520854313783
"TNFSF15",NA,NA,NA,NA,-0.0017818510260863,0.993542878022863
"TNFSF18",NA,NA,-0.798264553802871,0.460870683265676,-0.792587255035214,0.0709515344624672
"TNFSF4",-0.250326259186996,0.338114252787726,-0.811332887906766,0.367487347780171,-0.683171932637511,0.0331544011268808
"TNFSF8",0.0281260141245658,0.938917314570098,0.0439717802128037,0.936320210200911,-0.0982862319280997,0.641684768328974
"TOLLIP",1.00643612105949,0.0374910446181098,0.302927360253464,0.593135194074064,-0.350892080037517,0.177216217670906
"TP53",0.336525906260584,0.352368374695151,0.101258122321619,0.887925118800806,0.439664742990396,0.137514161154837
"TRADD",0.65086843465496,0.108301563599152,0.480979280601839,0.433852607643182,-0.0128341380144459,0.96847028550161
"TRAF1",0.0527780258092747,0.886023868037929,0.153267305116007,0.899128825348437,0.261833947281086,0.334649043370168
"TRAF2",0.854801490882065,0.0892081946786173,0.446739925851063,0.441844882197514,0.0949970432129463,0.719440783766332
"TRAF3",-0.159014938054198,0.572010921132878,-0.444489023735204,0.466959086585395,-0.275595636768831,0.334322835908244
"TRAF4",0.277678170190065,0.357848211476031,-0.0981498098886764,0.908945003886069,0.467100613668961,0.0912901373249877
"TRAF5",-0.0893629165537666,0.834942841106908,-0.514221033479819,0.626450592540897,0.887147807576304,0.0141144435304358
"TRAF6",-0.47708071080519,0.120527429275074,-0.381352321662486,0.434883467552796,-0.0552877346705252,0.788511161099356
"TRIM39",-0.145202836003741,0.602493044440935,0.215860779942934,0.850637913242088,0.793742799307599,0.0110321611843052
"TSLP",0.0567281807957603,0.87919904169213,-1.10363381997076,0.371879406221112,-1.46274101570195,0.00579431101092956
"TUBB",-0.488105716694422,0.176484715782166,-0.343293786661224,0.471569425035421,0.390228001227863,0.167345585237778
"TWIST2",NA,NA,NA,NA,0.162439955566629,0.378584994959169
"TYK2",0.45187264624883,0.14839419918933,0.187300412117302,0.618206077586752,0.448706721856642,0.0397275002855827
"TYROBP",-0.150431033109118,0.702284292887513,0.123845601298104,0.816661233933368,0.235280259477207,0.447885260801852
"UBB",-0.257915667096302,0.735104598521145,-0.180284578063219,0.852502046391561,0.318893580351656,0.422759580389075
"UBE2L3",-0.135742663855492,0.732629096407527,0.0774174541193311,0.881388652162632,0.406378514061876,0.0389892705960571
"USP9Y",-0.261773108917724,0.438316400457697,-0.349300894949089,0.421289711945906,0.168438348625655,0.451716954848168
"VCAM1",NA,NA,-0.866467654982587,0.466959086585395,-1.19690586253156,0.0320837008339765
"XBP1",-0.386406707060186,0.317652389137374,-0.243075097685884,0.503861423606948,-0.0367474500012275,0.873326943032682
"XCL1",-0.72696505690222,0.120527429275074,-0.460941012241268,0.681582169774571,1.24128150853286,0.000593000613797252
"XCR1",0.0208877472876834,0.928005871528107,-0.512685463000101,0.454637649778811,0.119472586325799,0.567195657813257
"ZAP70",1.05812528627983,0.0727860887612314,-0.0439441965300276,0.957379379693103,-0.219503239060387,0.518818518730737
"ZBTB16",NA,NA,NA,NA,0.252036681709159,0.0759124824088015
"ZEB1",-0.137440343010119,0.691275951310736,-1.01967330924192,0.333491867204706,-0.438996162414161,0.128790793450062
