"gene","Middle.lfc","Middle.padj","Recovered.lfc","Recovered.padj","Transitional.lfc","Transitional.padj"
"ABCB1",-0.726101837084107,0.00128419943060507,0.59386054738722,0.00289563818376147,0.0149893075485927,0.955861213905094
"ABCF1",-0.0243452781345042,0.925019831311771,0.532707411042555,0.00385805431824103,0.420682072270434,0.0374873445749919
"ABL1",-0.452852125875897,0.0194838461022941,0.340771133183326,0.0346827668224844,0.174725402699893,0.39826071236392
"ADA",-0.741113171560489,0.015226636858193,0.838992477496272,0.00289873202443568,1.07502708569329,0.000763287124736221
"AGER",-1.19314517638147,0.0005010380146253,-0.876975181533144,0.00253647060200745,-0.862161524685257,0.00667316899897643
"AHR",-2.03167961880985,6.94359426839049e-07,-0.428546805779145,0.181005861404791,-0.981210503891243,0.00669412847957042
"AKT3",-0.859168257917602,0.0221772337844871,0.50985782868721,0.123279644055992,-0.609224985238455,0.103544828388866
"ALAS1",0.463364049142245,0.414478554074634,1.09511287843748,0.0278661053328669,0.64978281646814,0.27543031909125
"ALOX12",-1.14510245656356,0.0552874885817811,-0.387929089255517,0.487542981369286,-0.367895489587386,0.608368994469757
"ALOX15",-1.89051874620117,0.018894386205296,1.39065073482897,0.0442581728357922,0.0364403921841925,0.966910693723411
"ALOX5",-0.221724620892815,0.62382471194028,0.472272039712227,0.212454117683771,0.585549049712234,0.186669972245495
"ANP32B",-0.835412980982564,0.00214051527841864,0.173483476531592,0.464195547269325,0.293435705135661,0.284612832781127
"APOE",0.772712686081215,0.0587685017685866,0.806383995986361,0.00709459489687691,1.14799915546148,0.00249537381258549
"APP",-0.00640067778960329,0.97694633334331,0.111865609950259,0.492670951944039,0.374829553709246,0.0370481317514275
"ARG2",1.08624597392253,0.0116278063660404,-0.621742946777747,0.080186107529407,-0.730898923963334,0.0732357645365719
"ARHGDIB",-0.438549891232258,0.0455392705987247,0.338647866589714,0.0711461893833778,0.429716233631334,0.0494190994468823
"ATF2",-0.582992027452355,0.000861695251936085,0.270010808143315,0.0594287709427466,-0.274973180360353,0.101493695748374
"ATG10",-0.855028896033398,0.0459728012866297,-0.299365723621189,0.438424321622067,-0.377858920153412,0.411414205099015
"ATG12",-0.457555529843587,0.0260436004246125,0.217872875220477,0.231894106526036,0.201832006753198,0.355191211952991
"ATG16L1",-0.815983400164036,0.0196573341953475,-0.497667699700201,0.093437875292008,-0.405487057375397,0.256355795488569
"ATG5",-0.120320099970959,0.526693505115909,0.551399633454073,0.00113849197809031,0.236557165271045,0.215444189007012
"ATG7",0.719620455462531,0.0274362210967633,-0.689812630331195,0.0207559760074046,-0.698633064179653,0.0407587910571845
"ATM",-2.01914677323833,5.37461115581305e-07,0.104111063298573,0.723420642881802,-0.434627712407741,0.190860236706102
"B2M",1.01936211288523,0.000214927974455113,0.0700744357630363,0.742898324801209,0.35640658637125,0.145080492374812
"BAD",-0.741840758915203,0.000258124139534943,0.0761371312945158,0.663625739845249,-0.173261189647653,0.397071516402088
"BATF",1.47342623388,1.13989058765032e-08,0.185456492220658,0.345788484998939,0.57223089933056,0.00730285011435543
"BATF3",0.989380720969533,2.27325914954214e-05,0.358837138258023,0.0111422175366892,0.347552606368934,0.0383353447517923
"BAX",-0.235531194452241,0.198190579426246,0.15850094585134,0.324463254952584,0.568062513863103,0.00169815349685745
"BCAP31",-0.192616809104392,0.347413248718871,0.432857962583961,0.0152142141895661,0.598063386065107,0.00287009996317569
"BCL10",-1.23176385809757,0.0608131260783166,-0.334532290857407,0.579408442490827,-0.366641945104877,0.626275573886053
"BCL2",-0.705909996786438,0.0475019121720344,0.0730681254281524,0.82636727757226,0.242712685008788,0.539408866392834
"BCL2L1",-2.54322412131446,0.00206812467678162,0.956933089988217,0.226622892196779,-2.54907606813223,0.001641307994681
"BCL2L11",-0.355706234016215,0.11896309417758,0.289080084333136,0.153503715870873,0.308000743421331,0.194242509597482
"BCL3",0.610531779866783,0.0359577184572414,-1.80241862332848,8.58699295394568e-09,-1.62013870265935,3.68158304877807e-07
"BCL6",1.29518089155644,0.00738522051001654,-1.40595605868754,0.000512456407762842,-1.80613838581786,6.48571711932649e-05
"BID",0.533092090454476,0.00504323843749877,0.242001645634961,0.132330834430338,0.750368968414838,6.8415246442686e-05
"BIRC2",-0.0722240278706376,0.741295314035901,0.322113526670636,0.065256644290381,-0.358902116185403,0.0751208271789602
"BLK",-1.18699116052388,3.34825865746789e-05,-0.107440123863721,0.674149538867872,-0.659335985692597,0.0129438948707156
"BLNK",-0.0317230211995225,0.953667899312666,0.273617366728214,0.464797258713288,-0.104828755612501,0.842535368406025
"BST2",2.61210139941508,2.15090125766207e-11,0.0452766602207095,0.846906384412181,0.741601697115014,0.00327871329492308
"BTK",0.332034984749142,0.28441022970896,0.198170795488293,0.492670951944039,0.434949201293248,0.185095059509953
"BTLA",-0.735551388971938,0.00113085499677031,0.42546560190925,0.025533457794141,0.0594063292668876,0.835826126743945
"C10orf54",0.862583925136548,0.00361228758843033,0.0145680022074046,0.950738221389023,-0.214770023539289,0.464483533913763
"C14orf166",-0.565727306616134,0.00368962460840838,0.516229582115972,0.00239145908159303,0.269172548269243,0.171051092314269
"C1QA",2.59408276086517,0.000251373939048695,0.730585104131414,0.148619318243605,2.71385057400471,4.56615321825093e-05
"C1QB",3.94760709519993,5.32805649240964e-06,1.20773468135847,0.0639659072577035,3.07033785333442,4.97359614054517e-05
"C1QBP",-0.7171543996139,0.00504323843749877,0.45853717989522,0.0322875333569523,0.828282699656102,0.000872160662702646
"C2",1.88992735783693,6.44792072558398e-07,0.38506805558362,0.094131546398343,0.99907916608626,0.00138307371626214
"C3AR1",1.44015473706199,0.000521790900468469,1.51001907219482,1.61829037378189e-05,2.61684446113955,3.4490148005709e-09
"C4A",2.26855782998014,1.60337376682371e-06,-0.17168065467843,0.663625739845249,0.613299525863309,0.176583095608184
"C4B",3.04969639280233,5.17730800823411e-08,-0.047633681082127,0.90427987199607,0.863314058042167,0.0732357645365719
"C4BPA",-1.41663558921634,0.272992908131254,-0.477156154786043,0.693554426533896,-0.847255543795931,0.561218831750246
"C5",-2.06597687195776,0.018894386205296,0.683090714857514,0.400129823324755,-2.4992693159632,0.00406815269376991
"C5aR1",1.08840388698189,0.0154156996288398,-0.456022817298941,0.251711814794872,-0.603183761013316,0.190154217470842
"C9",-0.0940120448304196,0.842487998806956,0.805800366115367,0.01794119175579,0.469684692775104,0.260601064015752
"CAMP",1.35618226546764,0.0599787598325484,-0.564235277258883,0.34954696790749,-1.54853327837079,0.0218077298739746
"CARD9",0.605433820896445,0.11914808526989,-0.359877799311392,0.288530594970682,-0.040714698835127,0.938561971369862
"CASP1",2.5078804825925,4.18603540590307e-08,0.374475951084859,0.194087615243859,0.590050138236554,0.0725518449757331
"CASP10",0.339850925046472,0.14238830395895,-0.212521167215058,0.306868204865525,0.168839771871351,0.509513557722047
"CASP2",-0.302894129711654,0.187971857168786,0.407233828024908,0.0437017010597332,0.680690732710646,0.00267941976718689
"CASP3",0.553102421338474,0.0332225747769447,-0.0633229346679371,0.782489069014489,0.0810479746809172,0.807269346247364
"CASP8",-0.27882242573258,0.0885967400925157,-0.490825039047454,0.000871229886227904,-0.426549745146238,0.00760508018719757
"CCBP2",-0.781734975107466,0.0189938921137107,0.811094121124604,0.00902011495510762,-0.203684483001186,0.600768100339955
"CCL16",-0.768252653548455,0.000245649516889392,0.281922967612323,0.100944345097321,-0.190202161442175,0.36394087537995
"CCL2",1.36140094137798,5.0476288088051e-05,0.506320162097357,0.0163540198512877,0.196732685438617,0.461089562341168
"CCL20",-0.607193438736068,0.0039714119023608,0.399796264832487,0.024843181640766,0.210321803142593,0.350867064310643
"CCL22",-0.607193438736068,1.07885997186248e-05,0.358314463623278,0.00136661749282911,0.0603332556105576,0.688209214478428
"CCL3",-0.349600535348232,0.304165034459614,0.0343056241587982,0.90427987199607,-0.0256852705842343,0.94879735270685
"CCL4",-0.655480740171203,0.000958764557434759,0.338383986286389,0.038856900389573,0.219718177285436,0.279289873930757
"CCL5",-0.736473411661809,0.0202912504788132,-0.402491216422742,0.142030871052344,-0.104035530934297,0.802063757887528
"CCND3",0.0875319808885848,0.805759503486389,0.627350580868521,0.0200165253479243,0.860434346780748,0.00560623640446423
"CCR1",2.37185237799577,2.10818412821343e-08,0.134055587995819,0.686567898768439,0.52931998651334,0.148127702137723
"CCR2",0.427088540645644,0.182386667373964,0.91802221854887,0.00217776810146983,1.17440005262474,0.000309405875907006
"CCR3",0.142475855421989,0.807289393393075,1.0165086604828,0.0267739333945942,0.848690157824195,0.10901032192132
"CCR4",-0.531357416838043,0.198825820041661,0.144167110533247,0.705997453435235,-0.425744935116762,0.341127469971764
"CCR5",-0.289201908091897,0.403409474168981,0.507186012484145,0.0872676930772602,1.10789389708677,0.00104305277161457
"CCR6",-0.609190986201657,0.0807174642743047,0.57520067046692,0.0635586921298594,-0.101334072629321,0.823732836964038
"CCR7",-0.602791827248313,0.0733852264244634,-0.558286426329891,0.0624850270362355,-1.12182163211476,0.00142465907385423
"CCR8",-0.34186934442198,0.347868777357352,0.384367143387155,0.202737098051006,1.18896368053382,0.00180668855496403
"CCRL2",2.89313139927203,0.000916601609642919,1.47619631667388,0.0278661053328669,-0.0387465590902316,0.96385841801838
"CD14",0.257182942018044,0.569797077634991,-1.56749160175951,0.000162276432524318,-1.71455228416556,0.000169759882247213
"CD160",-0.607193438736068,0.000426954488779631,0.390586282931944,0.00623064207360823,0.110509355255038,0.548393586441044
"CD163",-1.28563547504838,7.86762760511119e-05,0.168345440327899,0.582573205038526,-0.619099116547684,0.046722019172388
"CD164",0.856165770059027,0.000214927974455113,-0.182283816783217,0.31691075265414,0.0038940541313206,0.983355902198038
"CD19",-1.45063949196101,0.0021106575669328,-0.086028627031963,0.830434939178399,-1.25670572605144,0.00496241240764251
"CD1A",-1.73197944378561,1.21006815626275e-05,0.573344921313492,0.11489451939609,-1.02438716447927,0.00635400622591405
"CD1C",-2.78769157414398,2.98885380639331e-10,0.425817291472595,0.169688753922367,-1.18794387876232,0.00129915352686707
"CD1D",-0.739741977397023,0.0615277171868545,0.87061599729044,0.0117573789923437,-0.0419299991644539,0.937578296679664
"CD2",-0.855099178123561,0.0148166237818357,0.0732822408101796,0.821389104669617,0.471569354584291,0.17953864868922
"CD207",-0.237596615627334,0.478619271066088,0.58705668924186,0.0269919937926714,0.0757239169534092,0.847852419868937
"CD22",-0.667699289402571,0.0266491324409609,0.687379937452406,0.0112466632801891,0.185972728419416,0.602211752937229
"CD24",1.81951190737153,0.0180799018852604,0.857844785400405,0.223811356474173,-0.334164156192689,0.746057122343708
"CD244",-0.35857149082168,0.375697788992079,-0.578227766387566,0.101132801010385,-0.131889980540886,0.802063757887528
"CD247",-0.830370839974435,0.0029185214004454,0.120895066476843,0.629650723941059,0.368204609833162,0.181483582531671
"CD27",-1.66023424487189,1.54071733001946e-05,-0.534751928263691,0.0635691613910492,-0.456407389076633,0.181483582531671
"CD274",3.5682317144229,5.0869982104193e-05,3.3125244349043,2.1962084086099e-06,0.888067192618168,0.215444189007012
"CD276",-0.881712324393004,0.0286993615624336,0.738412900317984,0.0496455583167499,-0.130756125742616,0.812349535106224
"CD28",-1.26869544417495,1.83527317104021e-06,-0.1496732336784,0.464195547269325,-0.244763025093743,0.29972834138604
"CD36",-1.90596071323437,0.00504323843749877,-1.32937287985454,0.01794119175579,-1.92063510879344,0.00185358731044499
"CD38",1.43157888132134,2.57175247497535e-05,0.842422897686043,0.00280418499423777,1.79200142570169,3.00398184137343e-07
"CD3D",-0.871178072043293,0.0151945160169839,0.337148735430024,0.290051262873203,0.800963773888068,0.0259333060176145
"CD3E",-1.20859394875971,0.00319335821133745,-0.16711577405936,0.656231058272509,-0.0102916369745945,0.979908172484579
"CD3EAP",-0.667509584515214,0.00604283100606713,0.825595189796084,0.000357719482691979,-0.0894590924089345,0.777965605425156
"CD3G",-1.00675981292057,0.00840157596808964,-0.227084038013983,0.501201217841883,0.084155588905249,0.862514238362558
"CD4",-1.09097656364859,4.74992484672276e-08,-0.119956441528009,0.444883272173664,-0.500731962087869,0.00304956263382217
"CD40",-0.965397808941444,0.00463504809888334,0.382979533615329,0.227879044902324,0.0334060909132239,0.946155188613096
"CD40LG",-0.257245906578163,0.478672107257052,0.211171111265286,0.518892057727727,0.304763937701765,0.428683112523798
"CD44",0.50629688807669,0.235427997319812,1.27255318115931,0.000709897583536045,-0.10792049954475,0.836195140946057
"CD46",-0.660422533634572,0.0154156996288398,0.771218457783519,0.00164135732770771,0.423012133922459,0.125385791693974
"CD47",-0.207686303318456,0.326694859818253,0.135515052418812,0.465008964267863,-0.303278495491822,0.148127702137723
"CD48",0.37722662974724,0.0512855029880112,-0.0386478298171546,0.821389104669617,0.267431601889692,0.161707792786984
"CD5",-1.35132117802358,0.00122637110826378,-0.257652147532214,0.463337951772049,0.10216562306834,0.835619826888914
"CD53",1.46769157751867,5.20148476209355e-10,0.592451066306451,0.000125203835427734,0.91897053392962,6.80834068871546e-07
"CD55",-0.283496683427481,0.585324258424848,1.04279050636576,0.0172734887193638,-0.660564921827064,0.181483582531671
"CD58",-0.627517625909054,0.00228190544395037,0.092188950214851,0.615854803670444,0.0611479817575358,0.813624591838161
"CD59",-0.0354038847542757,0.939803598125304,0.583348397851084,0.059383507058641,-0.232100129563621,0.561218831750246
"CD6",-1.17127066465044,0.00140313686331391,-0.535637756771807,0.0773440711281482,-0.203490299136632,0.617584545512381
"CD68",0.814301793508529,0.0474928254768793,-0.315200121000055,0.391118322137488,0.337227724673317,0.441816826942094
"CD69",-1.07304472023594,0.00446297717175569,-0.591343818746672,0.0594287709427466,-0.217293907386618,0.602211752937229
"CD7",0.565516982611539,0.14238830395895,-0.231321940999218,0.492670951944039,0.396863199585159,0.326131478841901
"CD70",-0.133841093408676,0.527351132297529,0.148762870307896,0.357340007518384,-0.22170594823388,0.237217526070778
"CD74",0.0904761928846227,0.845886789245106,-0.0712933192066441,0.841853856004245,-0.107469707874245,0.835619826888914
"CD79A",-1.36526808410248,0.00120640925338518,-0.40261191604517,0.248687592898477,-1.35655080822549,0.000806294546549402
"CD79B",-0.32379556763865,0.289544121094159,-0.452032046810253,0.0953937966777632,-0.667178840794031,0.0322065026325224
"CD80",-0.0366325571975326,0.946517396889497,-0.235526729834263,0.507643279436093,-0.157381600267438,0.766732386478463
"CD81",0.161221163694306,0.451822004440876,0.468968153602527,0.00967589834398098,0.408752624234344,0.0460922132366189
"CD82",0.602936685908352,0.0988916652679843,-0.707849987492457,0.0244841999670395,-0.340386178290192,0.379293515222936
"CD83",-0.448829401826094,0.255863024082053,-0.808974422942358,0.0152062522743485,-0.21278134810098,0.644586312897559
"CD86",0.277239108254943,0.252068482047454,0.249861553169482,0.264743137907454,0.640173339175544,0.0078666003626919
"CD8A",-0.8894203020853,0.0191059559723851,-0.901158506158218,0.00727924889939123,-0.665866044775322,0.0761187686412739
"CD8B",-1.29929840742111,0.000789279336268764,0.106706575844127,0.742898324801209,0.29703744115371,0.440379366452897
"CD9",-1.42740349658454,0.011820894531209,0.137019128783235,0.791171091000367,-0.196693568613487,0.792276583265767
"CD96",-1.70981706876905,2.52483755250155e-05,-0.333255175466277,0.301439444652643,-0.197831784233879,0.636279795683597
"CD97",0.525105874316305,0.07903173896969,-0.628813441936796,0.0132945234953207,-0.0974565539190415,0.801601545110934
"CD99",-1.00786274223814,0.036749578759184,-0.261998558299958,0.558404863003913,0.144313060503743,0.823732836964038
"CDC42",-0.618578689093434,0.0143206928195405,0.11061480654956,0.632456525149183,-0.092993767513958,0.777965605425156
"CDH5",-0.607193438736068,9.81119655841159e-05,0.423173170861507,0.00125905632231226,-0.029142946629789,0.873769822249666
"CDKN1A",-0.208116473629628,0.544529336931669,-0.0652430916572246,0.830434939178399,0.140673333052488,0.739963724358558
"CEACAM1",0.195027876171386,0.539725433419049,0.038540002690918,0.890181350378402,0.596025809817809,0.0513000102118083
"CEACAM6",-0.297912761406478,0.282268103346921,0.39987523679636,0.0739457419590269,0.0202968774731556,0.94879735270685
"CEACAM8",1.0314567175763,0.0265035094852477,-0.649837130882558,0.0753636857688582,-0.651138980209623,0.129679607488967
"CEBPB",1.76083297665855,6.9601473495579e-05,-1.50536929500066,1.17746417355137e-05,-0.905412742749041,0.0095237705430046
"CFB",0.00289243374458881,0.98850850651035,0.411373911541792,0.00744901112381129,0.096930456073296,0.636593149743538
"CFD",-0.253694242450392,0.569797077634991,-0.959227175957578,0.0101084175046905,-0.769144926665888,0.0683787044433451
"CFH",-0.607193438736068,0.000114227556602563,0.358314463623278,0.00524845056108952,0.182502545155215,0.237217526070778
"CFI",-0.976214745510997,0.0132365719164394,0.569162946717886,0.121702049430594,-0.375238060921217,0.382974243701898
"CFL1",0.0156294413796623,0.952680634790388,0.554952728160188,0.00210938809374716,0.80372598131785,0.000121474948049682
"CFP",0.698873416999939,0.0316014210692179,-0.297325431520632,0.283286640415729,-0.115824954938324,0.777965605425156
"CHUK",-0.521980982631416,0.00351371548497175,-0.105799029213393,0.501481260500493,0.0150213002484092,0.94879735270685
"CIITA",0.0787474454480419,0.810548515249953,0.00423289479069044,0.987415764671308,0.125687177748996,0.746057122343708
"CISH",2.20732915215802,9.93120071145023e-09,-0.17025133173767,0.56416987238819,0.423100482193721,0.21177645761477
"CLEC4A",0.0286993987231918,0.957696798718568,-0.19520462447337,0.652681795412861,-0.956586732956633,0.0407587910571845
"CLEC4E",1.42450721733874,0.00941535826363098,-0.19833752159567,0.687982085918325,-0.74649917543942,0.186669972245495
"CLEC6A",0.941586644412424,0.0075925504457884,0.605006992799715,0.0106694709309533,0.158937855501994,0.61264907484765
"CLEC7A",1.46226744173062,0.0256365806598463,-0.808859960836738,0.131192610117804,-0.851170219016847,0.179299989929075
"CLU",-0.416802868927396,0.396629151965431,0.820665434726784,0.0492519640588684,1.46542303826279,0.00372542814047779
"CMA1",-0.353192247989723,0.559388113625166,0.993686812049965,0.0491825715210274,2.4235669855528,3.86970590899305e-05
"CMKLR1",0.733692760809038,0.0340676920820383,-0.141875783654884,0.665254759960859,0.565708741876192,0.123420872465296
"CR1",-1.14457930656989,5.85811573626488e-06,0.294687020954338,0.168547975746968,-0.481465134025707,0.0369065381310806
"CRADD",0.2349393316219,0.426074668338872,-0.386226617025384,0.104137628486104,0.0155458839089606,0.961826597477878
"CREB1",-0.508960257235344,0.00514093371516002,-0.210599644304191,0.175345630853031,-0.555727461599636,0.001641307994681
"CSF1",1.38047429557203,7.23219903993746e-07,0.222083873085592,0.331896763489996,0.611990939070832,0.0139272083451608
"CSF1R",0.370685473494182,0.486059027423485,-0.2384098551566,0.632456525149183,0.627752650096653,0.24593631687086
"CSF2RB",1.31043762296082,0.00228046271846095,-1.89974171698966,1.29174310605216e-06,-1.58688204373739,6.90562360907279e-05
"CSF3",-0.607193438736068,0.00370369025144178,0.417938209168125,0.0186432935223593,0.102405462211421,0.67973835868595
"CSF3R",2.00323131583142,0.00255401418432933,-2.13474581348554,1.84627540263647e-05,-1.72783388654833,0.000884529969362457
"CTLA4",-1.08310402743344,0.0283481357431287,-0.322107680074136,0.464195547269325,0.404920006147603,0.427752797765966
"CTNNB1",-0.627365395585946,0.000485046967677235,-0.709528164242155,1.42777029483378e-05,-0.9606913958133,4.93795164899329e-07
"CTSC",1.60211883261938,2.19028968983478e-06,0.797567836758368,0.00354553390677545,1.26424680480979,4.74272240416772e-05
"CTSG",-0.607193438736068,0.149017911432802,0.683413054483493,0.0673667778655829,0.317009913642925,0.511093906765182
"CTSS",0.700416028371929,0.0727000931359019,-0.761249603237017,0.0129833811470724,-0.72169987248815,0.0362794693189736
"CUL9",-1.33634536339111,0.000105773316651341,-0.564124760571135,0.0399048266189539,-0.372441838172978,0.270660145686528
"CX3CL1",-0.739331886548178,0.00209860261700574,0.438694167276164,0.0317122199161336,-0.161281394441898,0.536355522147871
"CX3CR1",0.201638423763944,0.625222331633505,0.172378585089334,0.635529727262388,0.530937675555103,0.190860236706102
"CXCL1",1.43115032761465,5.49028230866573e-07,0.0402649658619723,0.830434939178399,-0.270716530720567,0.20146860712267
"CXCL10",7.42270076441982,4.2489089097565e-08,1.67411710858261,0.0209657083715579,3.54744709351808,4.3416683682569e-05
"CXCL11",2.62702484869836,7.03859881708127e-11,0.358314463623278,0.0960519404146069,0.940924716507408,0.00120956203235918
"CXCL12",0.99318572915326,0.00807948606720146,0.358314463623278,0.145053109060831,0.653139362346824,0.0362794693189736
"CXCL13",-0.781734975107466,0.00446297717175569,0.498798708739391,0.0382690119304195,-0.203684483001186,0.49722340025809
"CXCL2",0.982839787588543,1.21013321821475e-06,0.277514092890574,0.0187730539231633,-0.0774600940750387,0.626270475525682
"CXCL3",1.15201975082207,0.00583784227330895,-0.203636257077058,0.60579979106221,-0.225401396961041,0.6508129734145
"CXCL5",-0.6690854781846,0.00224366496231993,0.440606043208765,0.01794119175579,0.014182765210073,0.955861213905094
"CXCL6",0.177572775541131,0.65325159305147,-0.582970800153437,0.0492519640588684,-0.902187913425768,0.0058069025091849
"CXCR1",2.16557644422897,9.27713924015095e-05,-0.189113888678538,0.674149538867872,-0.35462659968537,0.511093906765182
"CXCR2",2.09716943619617,0.000440249801417347,-1.01283412690137,0.0168967178892181,-1.17709010158229,0.0135417277244454
"CXCR3",-0.0648358727493283,0.910106589183253,0.0459666675387655,0.908279449511626,1.00130257186928,0.0262135807089259
"CXCR4",0.447513805323339,0.195525486602181,0.162972998134235,0.595735601298322,0.0583471105786515,0.893870837021561
"CXCR6",-0.68996173597789,0.0545125146882014,0.69879332249754,0.0317122199161336,0.644297753482567,0.115037378348219
"CYBB",1.95145997446889,0.000906573879914272,0.497295484433675,0.27076177284201,0.593767807966158,0.260601064015752
"CYSLTR1",0.278312459711407,0.456679549023796,-0.0894049126654215,0.791171091000367,-0.219464442103662,0.608368994469757
"CYSLTR2",-0.815502975510391,1.42495364965256e-06,0.169281663218061,0.202737098051006,-0.157999589454298,0.324992017863033
"DAXX",-0.271858632812184,0.244963307190111,-0.199783856648813,0.344944266620585,-0.0570282029399332,0.848412961406279
"DDIT3",2.81186379519642,9.58078273424138e-07,1.28479495006127,0.00491127765656415,0.32406019494653,0.588940619958752
"DDX50",-1.37457994036199,0.0389919201499269,0.87808816569021,0.151117038329243,-2.04878566806617,0.00153973613655499
"DDX58",4.50599872142006,6.81213913329527e-11,1.50991157263747,0.00086872627280794,1.77855754590543,0.000253100377447727
"DEFA1",-0.801561385575407,0.56093663162405,2.60495496339235,0.0259412234627226,0.294160654532534,0.873769822249666
"DEFB1",-0.19257840066349,0.459224421609393,0.430358334774301,0.0322875333569523,-0.0194548179912424,0.94879735270685
"DOCK9",-1.33526740893615,0.000630308020686629,0.0445926183851011,0.903200564527398,-0.131502716602657,0.802063757887528
"DPP4",-0.773890154411176,0.0144114029625562,0.102455554419786,0.720576569318054,0.270211846638441,0.412785597082409
"DUSP4",-0.89109815361888,0.00182948717152061,0.16022643996317,0.53736163712794,0.298455880284219,0.355301394064253
"EBI3",-0.652298623851805,0.00196437872195621,0.63758031546701,0.000769745006675229,-0.0742481317455246,0.781750981642021
"EGR1",-0.743944555315944,0.227272293216221,0.314583094196649,0.577283162792892,-0.578695104420516,0.359334758541969
"EGR2",-0.844728346041773,0.0251889006277174,0.648645290853905,0.0596837176804777,-0.168433619105955,0.731316160616774
"EIF2A",-0.816146872234022,0.000297354179743274,0.0757940008710207,0.69195465122561,-0.169043350614128,0.457715127307467
"EIF2AK2",3.269655679239,5.60212680422284e-10,1.85206262638578,4.43240436814213e-06,2.01750216680777,3.11453303463605e-06
"ELK1",-0.990760433506635,0.00422608797634383,0.224313372682474,0.483928626900194,-0.0704982491665902,0.874065524060438
"ENTPD1",-0.245227962961985,0.482857061718359,0.284122873383576,0.309696598036516,0.447298145236146,0.19983306419267
"EOMES",-1.43174080742969,0.00239822448086608,0.263957001283385,0.524306971783708,0.365592844623955,0.457393149806864
"ERCC3",-0.550680796323785,0.0100275979463724,0.0153900481745968,0.935559241648215,0.168896163236377,0.457715127307467
"ETS1",-1.54052312320708,9.07372716853507e-05,0.106489642495069,0.747367062234978,0.114363025000856,0.813562716757297
"EWSR1",-0.576357896584543,0.000559379328992005,0.00664014380910949,0.959271491650362,0.139591778260076,0.409731759000661
"F13A1",-1.74743609224903,0.00321063320986446,0.584329092464698,0.264366408287349,-0.0627121829420059,0.937578296679664
"FADD",0.0178037298874614,0.947266735413041,0.0711268658243487,0.725691362901426,0.398877747319752,0.0648587419010698
"FAS",2.50252802943662,1.13670434112121e-10,0.242494353698383,0.296509738983307,0.560980551495923,0.0289219505813151
"FASLG",-0.0252241702787668,0.957848939082188,0.447433945325117,0.230777399954,0.752388699084545,0.0645872966175094
"FCAR",1.36377143055485,0.0111639070523488,-0.887130379983861,0.050305068970176,-1.23524593867874,0.0183280640230276
"FCER1A",-0.186367634087265,0.863496850511631,1.76217164305007,0.0311538459467083,3.61206415462919,0.000169759882247213
"FCER1G",1.91624022540536,0.000235136376643851,-0.443812445016906,0.204697387027092,-0.199443299792533,0.677355482567859
"FCGR1A",3.81182440675144,1.22615629863771e-08,0.487516300526047,0.258726961956183,0.300609542317166,0.585799682535835
"FCGR2A",2.28617793249803,0.000734675809087817,-0.265731962401391,0.591702080647487,-0.0459219053637181,0.94879735270685
"FCGR2B",0.667367240026377,0.036749578759184,-0.235116932949659,0.440170082369393,-0.418086683194341,0.232712468509917
"FCGR3",0.800328827310916,0.119266427699534,0.491726063365509,0.296615388860167,1.63785327434437,0.001641307994681
"FCGRT",-1.00968630032832,0.000812649451601634,-1.43563243325165,8.15973959412446e-07,-1.22182156637249,4.56615321825093e-05
"FEZ1",-0.607193438736068,0.00133821374852484,0.438191482906944,0.006228191700766,0.071355695880519,0.766732386478463
"FKBP5",1.50272919982051,9.58078273424138e-07,0.0815437631398517,0.72106522631408,0.320387512304714,0.215444189007012
"FLT3LG",-1.03155058025998,0.000894657933642173,-0.740249286942975,0.00460295017811198,-0.289885594830473,0.355741117753944
"FN1",-1.13483854384604,0.0389919201499269,0.134701661673182,0.78755859659731,-0.702882552761263,0.215444189007012
"FOS",-0.36433501945838,0.522213041676701,-0.541282725547518,0.255954405925213,-1.34432117999501,0.0095237705430046
"FOXP3",-0.62299961569911,0.000484213210187009,0.342508286660236,0.0187730539231633,0.245146066646525,0.174408872103316
"FPR2",3.09853189913896,5.03440339707153e-08,0.637407438131334,0.11869132259208,0.928053805252815,0.0559775304492424
"FYN",-1.52575368264077,3.35607891914569e-06,-0.417119870628238,0.0972983521579743,-0.226430648261111,0.478390150640234
"G6PD",-0.486456060306761,0.0507095991200011,-1.41940932505884,1.04549522208477e-07,-1.5284351121906,2.23774662532558e-07
"GATA3",-1.41150866378434,0.000759084290699652,-1.35965125657805,0.000141640214393605,-1.18613891844445,0.00193631517985256
"GBP1",5.32623572552943,1.30669883592146e-06,2.07889793935927,0.00113849197809031,2.77143865368402,0.000159368419099061
"GFI1",-1.155737254649,0.00343833022481926,-1.51193387820681,1.84627540263647e-05,-1.2074452414403,0.001641307994681
"GNAQ",-0.794245347556242,0.00700645682592373,0.372911246437154,0.138674052760288,-0.564097185642334,0.0489397530848011
"GNAS",-1.2619959189114,0.00114068803654677,0.957319068424397,0.00512421110119607,-0.479720440833814,0.215444189007012
"GNB1",-0.378209604536824,0.018894386205296,0.231937663843375,0.09189030060788,0.249052216995725,0.124558121399383
"GNLY",-0.120130984794078,0.939803598125304,1.30317706070649,0.240169644362112,4.65621629950173,0.000238440517327365
"GP1BB",-0.440472332630341,0.441243666669584,-0.162312667030651,0.747349998741215,0.64217995530657,0.270884047279246
"GPI",-0.85305565135997,0.00335158370519742,-0.108978093069636,0.674149538867872,0.367274382028551,0.21177645761477
"GPR183",-1.59851048768767,5.29801957249234e-07,-0.192096336841093,0.42666218280817,-0.530176068979804,0.0448212717927359
"GRB2",0.0461195411475064,0.796326030856855,-0.200732271683915,0.138674052760288,-0.151293665821514,0.361328961920494
"GTF3C1",-1.38457415313453,0.000235136376643851,-0.151998811146575,0.660303344597952,-0.711714666467621,0.0470556463641372
"GUSB",-1.39218944654847,0.00185413128372702,0.0597410933041571,0.884511254431925,0.43247580221106,0.363889530230749
"GZMA",-0.491290805903484,0.409538343786217,0.936540454251661,0.0630699034318887,3.07640434702399,2.00270297754753e-06
"GZMB",-0.617847850759595,0.131094440858422,0.218380830472411,0.563234555405859,1.01383115917458,0.0172536663216864
"GZMH",-1.0180432164755,0.0129559989775463,-0.0801214668313524,0.830434939178399,0.375163127545195,0.409784022508331
"GZMK",-2.14973897913701,6.70721708837464e-06,-0.490165667751381,0.202737098051006,-0.11543857594738,0.837323982695735
"GZMM",-0.993165590108429,0.027509299918174,-1.13784782486931,0.00316111460239533,-0.984469202257818,0.0259333060176145
"HAVCR2",1.14351828389153,0.00163238658889894,0.7475038459636,0.0035891853298528,1.39789168852128,4.56615321825093e-05
"HDAC3",-1.14870808438498,2.07399538162996e-06,-0.369893675031163,0.0406801842200726,-0.131550574544638,0.578156546291895
"HDAC4",0.952090421551816,0.00142837861048087,-0.127227370073487,0.640647450601833,-0.505585035191872,0.0854326269892018
"HFE",-0.607193438736068,0.00146700094825593,0.411987705760472,0.0104282467847259,0.0897060924100685,0.68783322698103
"HIF1A",-0.203099077493478,0.38402086562542,-0.115922871759775,0.586246323469795,0.0290316559407966,0.925637147821742
"HLA-A",0.756340356578193,0.623041098251801,-0.741005480547281,0.576043970038907,-0.706796959900304,0.678890692870184
"HLA-B",1.01647425575762,0.102751032912367,-0.667594828491405,0.165947179394614,-0.236917807727567,0.739963724358558
"HLA-C",0.886694396316129,0.0158272490109993,-1.06659163820902,0.00136661749282911,-0.754108986413567,0.0359114019018194
"HLA-DMA",0.0739009777737518,0.878218231967265,-0.0447847748361241,0.90427987199607,0.0376971487265738,0.946552356722913
"HLA-DMB",-0.218920407326838,0.659814421172353,-1.49798095614033,0.000871229886227904,-1.18498950898672,0.0153465572235628
"HLA-DOB",-0.607193438736068,0.00254212217152015,0.40362718107619,0.0176173854950843,0.1819749698362,0.394732794297848
"HLA-DPA1",0.119895285610111,0.831119705867378,-0.0364368702206956,0.935473721257715,0.138632218514104,0.830931202964445
"HLA-DPB1",-0.391594587567129,0.414148704907701,-1.27628346968549,0.00210938809374716,-1.08754505296883,0.0164297591556788
"HLA-DQA1",-1.32180913118228,0.00138817235687367,0.173641366500524,0.629650723941059,-1.0382323444147,0.00775771351745665
"HLA-DQB1",-0.351131238207993,0.269695141700528,-0.276237317388874,0.338078452206107,-0.232101498894204,0.511093906765182
"HLA-DRA",-0.0438944595510691,0.946517396889497,-0.246617087212339,0.582573205038526,-0.201154180764101,0.746645018153617
"HLA-DRB1",-0.0949521512436764,0.830554441483684,-0.0544442960168112,0.873441883937193,0.124711538635552,0.806406373767756
"HMGB1",-1.47670279050239,0.0143726653463907,0.811574302164416,0.139360448699026,-1.38452277733394,0.0183280640230276
"HMGB2",-0.201385730578609,0.617493619437307,0.581610444327506,0.0827735537873475,0.732846582363024,0.057978103837317
"HPRT1",-0.39525984525859,0.069255598960599,0.373690047223707,0.0506436954659299,0.684642581250202,0.00162510387000091
"HRAS",-0.784706583549657,0.0260088041080535,0.105876951422755,0.742898324801209,0.587816883358821,0.126172011559874
"HSH2D",2.35038564590239,9.58078273424138e-07,-0.0945955318558873,0.818940554539096,0.358080814003424,0.449209089616031
"HSPB1",2.0462661456857,6.54306705102319e-06,0.676755814979473,0.0322631133281989,0.894502713576651,0.0255556296035527
"ICAM1",-0.104501911325639,0.810548515249953,-0.0426265020469971,0.904433748585036,-0.323674140964917,0.457393149806864
"ICAM2",-0.53357778544629,0.039394830436843,-0.164147308320944,0.478488021071664,-0.0603176195196191,0.853228664551469
"ICAM3",0.41185990919079,0.117474075933178,-1.75843406846692,2.43613093665369e-09,-1.40479014266633,8.07944586210177e-07
"ICAM4",-0.767233145711302,0.406329226619973,0.585911974162485,0.470100172355504,-2.32212217480947,0.0090244414910694
"ICOS",-0.482303789105305,0.0931796998250686,0.45633800377149,0.0682468795001928,0.811742296323301,0.00354947613472113
"ICOSLG",-0.622687952181765,3.79873388356998e-05,0.379451887691677,0.00217776810146983,0.0757310286562056,0.642077952126368
"IDO1",3.39275761060742,6.6047708937797e-05,0.254446635546053,0.650095015857609,0.991784537940799,0.109590548876639
"IDO2",2.72815031124901,4.1703141302326e-06,-0.481611176987339,0.31691075265414,-0.846503568210549,0.1139269250513
"IFI16",2.19372099386547,5.20148476209355e-10,0.657560124763977,0.00132648121983491,0.888013756393638,0.000142721169099316
"IFI35",3.23101877564129,6.81213913329527e-11,-0.3824203717377,0.242721223620197,0.0427206654695969,0.932123408823051
"IFI44",6.01711512665474,9.4896787117393e-08,2.58632533801408,0.00041327768461492,2.96457787471358,0.000196358612190131
"IFIH1",4.30996848395672,2.36915881746385e-08,0.905448360898011,0.0500221561043608,1.22840744063991,0.0192079261093173
"IFIT1",6.31391971400827,1.00855277154772e-07,3.57237540029489,8.08038756369998e-07,2.38996895005804,0.000872160662702646
"IFIT2",6.33338267516574,7.6114576474392e-09,2.14884300260397,0.000325079893335964,1.9052518122826,0.00285034310151593
"IFIT3",6.54914037410875,5.28945926089467e-08,3.56140600017782,1.28307498417024e-06,2.92373580821843,0.000101105029832519
"IFITM1",2.4387341176442,1.57964964396441e-10,0.454957236300739,0.0222845637479448,0.663652161776779,0.00449609146720023
"IFNAR1",-0.21158807624955,0.513913360976206,0.334408319137575,0.242721223620197,-0.604703983459099,0.0622770537589634
"IFNAR2",1.06897712480225,6.99849483939898e-05,0.578331842261844,0.0116064584717376,0.548348858114824,0.0311973165450518
"IFNB1",-0.26218734328009,0.245152922225955,0.316806405903874,0.0770740282091388,0.265398783790402,0.235685403997284
"IFNG",-0.961723401802606,0.00329371516209535,0.754224414872457,0.0135485984649013,0.0987640423957945,0.826270922614368
"IFNGR1",1.27832090665959,0.000626158779539401,-0.481251057882751,0.0972946792425037,-0.382995694811745,0.270660145686528
"IFNGR2",1.9582259003639,7.50993885720781e-06,-0.674109670459126,0.0278661053328669,-0.478987893821438,0.190154217470842
"IGF2R",1.15825967150507,0.00750193006538779,-0.555432554186709,0.0948028080013414,-0.502143846722163,0.203562525202804
"IKBKAP",-0.469103694413613,0.106567745883318,0.148633610836751,0.586246323469795,0.0888347256013082,0.818915154926357
"IKBKB",-1.03654922735104,1.83398934155332e-07,-0.741611212997838,5.63710830034206e-06,-0.709388903425874,4.56615321825093e-05
"IKBKE",-0.84886955272326,0.00422608797634383,-1.02871670843391,0.000114238298213921,-0.707319118276067,0.0138386742695057
"IKBKG",-1.01423395288654,0.0154156996288398,-0.784984666903777,0.023956748351409,-0.572448383281111,0.179299989929075
"IKZF1",-0.527796066208674,0.0221772337844871,-0.14776273195762,0.471104816452287,-0.0615826826947732,0.835619826888914
"IKZF2",-1.70536438585968,0.000285880215828095,-0.302049309509021,0.429865771856867,-0.104150505130957,0.846712937543042
"IKZF3",-1.0028797581297,0.00433217219064755,-0.31313241957151,0.307992439326765,-0.307576649038026,0.406854709834979
"IL10RA",0.480342309998663,0.0282048116539524,0.0543630352821651,0.781186793104652,0.506694861681435,0.0169269958227387
"IL10RB",0.885872787685436,7.73505571335432e-06,0.36359607344777,0.0168967178892181,0.313104884736976,0.0700957795968415
"IL11RA",-2.02443153791926,6.48871826710632e-07,-1.72368604975126,8.08038756369998e-07,-1.43463742966205,5.0400749026346e-05
"IL12RB1",0.00806564642825336,0.978126503688113,-0.025510968650873,0.918197698771545,0.535318771347604,0.0496074922717275
"IL12RB2",-1.34624474693885,0.00394229359955469,-0.320736904235813,0.429865771856867,0.433426630845816,0.355191211952991
"IL13RA1",1.01089898570653,0.018894386205296,-0.143529425839619,0.730434577272988,-0.134785519032321,0.821986403223747
"IL15",-0.281146319294577,0.276130794716214,0.0699457851834371,0.769468905114317,0.460196267475123,0.0712928115691869
"IL16",-0.524760381564452,0.0132935244272385,-0.606028794429051,0.00130820977101415,-0.449007093113641,0.0284903605568912
"IL17RA",0.766283201213705,0.00202328245121536,-0.297997555044487,0.140323443343854,-0.349982701595593,0.140506779966706
"IL18",-0.796497788257781,0.0302971121793845,1.30592618824441,0.000400296736396195,1.03678128576412,0.0103449074150609
"IL18R1",0.813663121348448,0.0114433858786351,-0.0544796408546127,0.841853856004245,0.0633197305772644,0.873769822249666
"IL18RAP",3.5223866650376,3.98451822358116e-08,0.339887418647939,0.490554617192642,0.0581772780849947,0.937578296679664
"IL1B",3.43130242217704,8.7391751414486e-12,0.542589446895099,0.080186107529407,0.21659916070662,0.602211752937229
"IL1R1",0.366189474924285,0.461901462320022,-0.588200271167817,0.191844126171219,-0.464259228192097,0.399638189466632
"IL1R2",0.00976182431787187,0.98850850651035,-1.80667273196675,0.00316111460239533,-1.00135389065762,0.148021123886954
"IL1RAP",2.02747461800898,1.07885997186248e-05,0.103854172764873,0.769468905114317,-0.256335597714312,0.559139825184738
"IL1RL1",-0.415098980955691,0.101665741658381,0.335486614258058,0.113158106862726,0.521239102771578,0.0470556463641372
"IL1RN",3.31632126011498,3.31654685149295e-10,-0.978559457037335,0.00491127765656415,-0.787264041170634,0.0476196803303837
"IL21R",-0.398464720899472,0.245152922225955,-0.15666991717875,0.629650723941059,0.0813919369620324,0.851126625478337
"IL23A",-0.693414887943226,0.000484213210187009,0.534501931153652,0.00200560208910919,-0.0213797716543835,0.934074142658128
"IL23R",-0.607193438736068,0.000764617146317321,0.449891036670217,0.00316111460239533,-0.029142946629789,0.89663709542432
"IL27",1.66478182509892,1.31861164943002e-10,0.358314463623278,0.00808947517669127,0.0675257294664346,0.733677243754716
"IL28B",-1.11097110082958,0.00215082905779725,1.07508270018372,0.00276491730254921,-0.532920608723303,0.148127702137723
"IL29",-0.551596983071893,0.276892328023004,1.19435290206291,0.00899296002121495,-0.568935792833003,0.237937960041167
"IL2RA",-0.182801858747815,0.5486387324971,0.378981102562424,0.102591727904195,0.492308598142598,0.0926371737632679
"IL2RB",-1.48232574218943,3.35317875847485e-05,-0.791002306921451,0.00568350285549298,0.0639926657594678,0.874065524060438
"IL2RG",-0.761173179278121,0.0318475977246731,0.133117613107832,0.682342748063512,0.252125876210682,0.521102005983656
"IL33",-0.607193438736068,0.00471322867262175,0.76499715018101,0.000158372282971397,-0.00420572597071089,0.983355902198038
"IL4",0.183640610420775,0.599280599929706,0.405201818742814,0.0993445958056571,0.67715116042958,0.0291493545087376
"IL4R",0.608319719022172,0.060066944476281,-0.556302473585986,0.0475523434245187,-0.235730141866101,0.524117892183511
"IL5RA",-0.644588986653717,6.4340204457999e-06,0.36322962689295,0.00164135732770771,-0.0665384945474372,0.658597689811623
"IL6R",0.756308492253178,0.00317257459177599,-0.855484180750613,0.000200752613837957,-1.31438110784553,1.52021977429451e-06
"IL6ST",-0.5868897371883,0.0405636038895996,0.626881495321054,0.0121805745915156,-0.0212020834989248,0.95154509043685
"IL7",-1.64354250049666,0.000214927974455113,-0.308040339081718,0.384968014175877,-0.174079950949533,0.724815464154567
"IL7R",-1.09800159152761,0.0039714119023608,-0.275553030952674,0.413960751071736,-0.450474132495312,0.244976632980738
"IL8",-1.67553209556779,0.036749578759184,-2.1913674954463,0.00281343546808643,-2.98493100674848,0.000207327723833783
"IL9",1.19698502189558,0.0015655047832517,-1.13397891218996,0.000685142016913647,-0.658956431951033,0.0761187686412739
"ILF3",-1.4373646659606,8.64382894869212e-06,-0.301219064798438,0.230777399954,0.0380599030781816,0.920397552466621
"IRAK1",-0.668610383620373,0.000323278933548861,-0.569200636756015,0.000449456832013929,-0.27588545235125,0.119144033120037
"IRAK2",0.0730761035176561,0.838184095875755,0.0347681142335352,0.904691029421759,-0.520221962213899,0.117751811971385
"IRAK3",1.12286542516841,0.0174809216651384,-0.367077716111933,0.350381173947315,-0.209338765864958,0.700061215730874
"IRAK4",-0.380044485905697,0.0325422927133961,-0.125425208530569,0.440170082369393,0.00122638361479321,0.992887758116895
"IRF1",1.966398356592,4.4620859052433e-08,0.165306389679545,0.478488021071664,0.545223981303524,0.0355525738140593
"IRF3",-0.988001066352966,0.00153691055191208,0.255716839385769,0.338358997393507,0.0348567216137656,0.932123408823051
"IRF4",-1.32270111549008,0.000379455269015062,0.140333858002651,0.656231058272509,0.407730222695347,0.235562436696093
"IRF5",1.92980642052801,4.13758662708903e-09,-0.236060086470391,0.324463254952584,-0.260505432959075,0.359334758541969
"IRF7",3.65681767206461,4.13758662708903e-09,-0.808348728443953,0.0338740079465874,-0.315295017300645,0.511093906765182
"IRF8",-0.254486171153485,0.24809864052164,0.161674468547917,0.42453025035005,-0.504601298615878,0.0234791613519639
"IRGC",1.00549984604018,0.0132365719164394,0.434499253180027,0.103333058027165,0.18018866184898,0.619688595669644
"ISG20",2.24338616199554,3.62711359182337e-13,0.173931226765188,0.306190293769588,0.792396453443427,4.97359614054517e-05
"ITGA2B",-1.17896489927973,0.0545125146882014,0.386129592570233,0.490224132587338,0.426704014553447,0.540527128204467
"ITGA4",-1.28151460840667,2.15220712152698e-05,-0.131520870089027,0.60579979106221,-0.452649633789225,0.102807248228492
"ITGA5",-0.17546868133353,0.46710936793346,-1.05776043656779,3.19427107321224e-06,-0.903985932418239,0.000120234714302095
"ITGA6",-1.39677309100456,4.71741859820792e-05,0.138096413323658,0.629650723941059,-0.158832913039775,0.658597689811623
"ITGAL",-0.387450364166087,0.232443292884325,-0.271403795687348,0.33885215408431,0.192790018625971,0.602211752937229
"ITGAM",2.07582510993683,4.4620859052433e-08,-0.38263223523783,0.132816851272501,-0.151890489182417,0.658597689811623
"ITGAX",-0.911265487267629,0.00332892080797742,-1.31445908849654,9.38803056630885e-06,-0.765248654647465,0.0103449074150609
"ITGB1",-1.01586252823381,0.00011922652773143,0.720294372220156,0.00128870795545705,0.105849688075271,0.736471050400443
"ITGB2",-0.473941369586182,0.0488535277000779,-1.11063133194526,2.1962084086099e-06,-0.716265795153364,0.00249537381258549
"ITLN1",0.0131697322657542,0.97694633334331,0.291509701018124,0.328624704796338,0.347576867630221,0.355191211952991
"ITLN2",0.717670917734702,0.020974108799807,0.385694733145612,0.0596837176804777,-0.0280162248697993,0.932123408823051
"JAK1",-0.928747613987994,3.47298599213442e-06,0.489020235554507,0.00216058204554125,0.226660825438703,0.215444189007012
"JAK2",1.94756177617376,2.20596544589933e-09,0.517864762409173,0.0103935654708398,0.0716624912976354,0.812955012425873
"JAK3",-0.271429094157405,0.383231965862271,-1.04044173771984,0.000316910045819472,-0.544689495797179,0.0739643087465327
"JUN",-0.158693986140391,0.810548515249953,0.245220943222874,0.660303344597952,-0.244322679076408,0.746645018153617
"KCNJ2",2.35837626640971,6.2933735299059e-06,0.377441701832364,0.338358997393507,0.33719338542358,0.485171258110662
"KEAP1",-0.424738307557146,0.186940572996752,0.243961076252003,0.37555005675025,0.567086087394935,0.0926371737632679
"KIR2DL4",-0.739331886548178,0.00355084986719324,0.501930940969653,0.0222845637479448,-0.0848054807713714,0.79925039272723
"KIR3DL2",-0.2775032157657,0.558821109032797,-0.439400332730462,0.275997949560364,-0.0469127539138983,0.938810600331544
"KIR3DS1",-0.405885383904889,0.469539072675355,-0.533361966132049,0.251711814794872,-0.380634232571167,0.516909412950888
"KIT",-0.619863790589045,0.000588250726144082,0.428531131087395,0.00464457485193469,-0.041813298482765,0.848086167150974
"KLRB1",-0.2815918342493,0.630536513542911,0.791698328327207,0.0948028080013414,0.893678732022028,0.114858888464804
"KLRC1",-1.33658853419935,0.00610655535185515,-0.415176652696728,0.32121144099468,0.543956488712542,0.24593631687086
"KLRC2",-1.39180056870116,0.00370369025144178,-0.29437256409109,0.470843387287544,-0.156812294811991,0.792276583265767
"KLRC3",-1.06724104256935,0.0054751225041592,-0.700482614728605,0.0308258581353956,-0.491785515980193,0.200872263879997
"KLRD1",-0.987440577797775,0.0155364362602961,-0.337983865288807,0.348541538183579,0.136851785153373,0.801601545110934
"KLRF1",-1.10558429893561,0.00146857115291437,-0.386278557122196,0.183790600298825,0.124368580583541,0.776957630751193
"KLRF2",-0.430409739566209,0.0319989856574641,0.379212136995375,0.0239444657857381,0.304374124950737,0.141826715500994
"KLRG1",-1.90957279330435,0.0005010380146253,-0.144383118435242,0.742898324801209,0.0733799122687078,0.908670882025038
"KLRK1",-1.7035605460735,6.4340204457999e-06,-0.447338807772935,0.129288915559917,-0.253514876232025,0.49722340025809
"LAG3",0.486396832740495,0.375728104726823,0.494225929669243,0.32121144099468,1.4023224373422,0.00828675495664878
"LAIR1",0.921210587007675,4.3088988250138e-05,0.0939846626809473,0.60579979106221,0.528106407095676,0.00712681356932158
"LCK",-0.65201736120974,0.0505655690700773,-0.202099551916954,0.499786906839388,0.284005365877729,0.43554173525717
"LCP2",0.231398490209926,0.28441022970896,-0.685542233212972,0.000269214821407232,-0.443087467560455,0.0267283582963268
"LEF1",-0.994983772697811,0.00787973389596773,-0.334977396642442,0.307878743048705,-0.722859051292653,0.047535114109042
"LGALS3",-1.51888434134073,9.82186563767289e-07,-0.469948304333,0.0446650283655348,-0.0970142116866359,0.788799702087839
"LILRA1",0.299249338916663,0.550617000130624,-0.179799126875019,0.69195465122561,-0.160515368590691,0.809193042653338
"LILRA2",0.720747108016448,0.0803003673255722,-0.856452845805928,0.0214005227884902,-0.945602860085261,0.0267283582963268
"LILRA3",2.65917568410409,0.000279762901561284,-0.809830620948553,0.11683245914843,-0.50572690781223,0.428683112523798
"LILRA4",0.554795863761995,0.0547377858477602,-0.730540203762883,0.00390290066720892,-0.712821382042471,0.0107062925124952
"LILRA5",1.42467716082257,0.00320735574603295,-1.50732813222686,0.000500329753572808,-1.34317982859094,0.00426575995775076
"LILRB1",-1.26433354617919,0.000925249240921202,-0.304746345883401,0.379670854920207,-0.389451172434997,0.344050858715554
"LILRB2",-0.0732559810996065,0.822404139021374,-0.991435502392071,0.000357719482691979,-0.618752674318106,0.0351847991897757
"LILRB3",1.45269690347962,0.00110178118289598,-1.39000703322861,0.000423714760204868,-1.86468196640882,3.93603284919706e-05
"LILRB4",-0.192324749652296,0.687579648138716,0.340607011571003,0.357340007518384,-0.495125183756806,0.229770636067346
"LILRB5",-0.49472720583171,0.0547377858477602,0.416907408056603,0.0564659545662447,-0.0198038394182998,0.94879735270685
"LIMK1",-0.796966556224366,0.00958280168583926,-0.93757553962574,0.000406408742584494,-0.892212940665125,0.00168769605439651
"LITAF",1.83961667041033,1.51395988689842e-07,-0.541797818908979,0.0168560226915258,-0.451550917290474,0.0802513385821637
"LTB",0.00915380702694968,0.97694633334331,-0.401854651116011,0.0974282649674156,-0.235351985223843,0.43656936881945
"LTB4R",1.5709057952863,0.000224315615193929,-0.377573876744495,0.277062738533869,-0.402495636044705,0.333428831453533
"LTB4R2",-0.797968975697257,1.11681891187548e-06,0.169277472744292,0.182734496122875,-0.109153156382058,0.4969518418914
"LTBR",1.59732228757682,5.65632494218435e-06,0.260712301302333,0.282866072236551,0.27896944566347,0.362081312547803
"LTF",0.683770940291751,0.549783842508453,1.45901853553011,0.1437371320779,-0.912784403003884,0.449209089616031
"LY96",2.64802498540594,5.93719808744025e-10,0.173003235020831,0.563234555405859,0.402188004079723,0.223911739439911
"MAF",-1.43317065274832,3.47298599213442e-06,-0.486340068570459,0.0322875333569523,-0.393774172883125,0.141826715500994
"MAFF",0.557981492394477,0.14238830395895,0.422512441311938,0.14635430877947,0.275593854048922,0.464483533913763
"MAFG",-0.0355342723528169,0.931270886624959,-0.417143077645047,0.145053109060831,-0.38822099060877,0.252934596205187
"MAFK",-0.623597618083533,0.0190048739706584,-0.2520478621545,0.270024936406115,-0.553233612997146,0.0255556296035527
"MALT1",-1.01949223426732,4.96038480871172e-05,-0.479508350283997,0.0168967178892181,-0.584355287165909,0.0095237705430046
"MAP2K1",-0.364273806711598,0.102535131036749,0.418704602497598,0.0318534201917025,0.45481809389503,0.0383353447517923
"MAP2K4",-0.512905783282925,0.043795356096057,0.169490773109006,0.461845769150871,-0.0430276005397392,0.89663709542432
"MAP2K6",-1.88481513297427,2.19028968983478e-06,-0.333898324910145,0.290051262873203,-0.51374805214081,0.158441654605929
"MAP3K1",-0.523287426623577,0.0121705926234214,-0.216021439631241,0.238050865554149,-0.334216026364745,0.107841415684861
"MAP3K5",-0.196612897214548,0.311897815037097,0.0303397689033496,0.864068051223311,-0.148755049888237,0.486750368474022
"MAP3K7",-1.36844302454487,4.95542054815127e-05,0.467293666171478,0.0739457419590269,-0.481655476381439,0.120654329559102
"MAP4K1",-1.26396440304324,4.71741859820792e-05,-0.376866826233188,0.121702049430594,-0.16092095968837,0.617584545512381
"MAP4K2",-0.906113433104806,0.000114227556602563,-0.881703057682049,2.38482726144529e-05,-0.54860995363257,0.0100043672284894
"MAP4K4",-1.16762960511858,0.113510160499092,2.01740130243656,0.00354553390677545,-0.761175855696658,0.336433311443199
"MAPK1",-0.994226677179256,8.50448009292974e-08,-0.272659285920811,0.0406801842200726,-0.239914688601914,0.126951864746164
"MAPK11",-1.08391438923183,1.76505898571734e-05,-0.183842490287652,0.391118322137488,0.0714529942410262,0.826270922614368
"MAPK14",1.40516492001326,4.24498697361491e-05,0.69519615167252,0.0168967178892181,0.587279466161849,0.0725518449757331
"MAPK3",0.054477030860383,0.770112610148827,-0.194495399153647,0.194087615243859,0.157637215791015,0.383380686636461
"MAPK8",-1.97584635680227,2.10125565797346e-06,-0.43547655605406,0.202737098051006,-0.359365334787582,0.387661816817591
"MAPKAPK2",-0.608525019053076,0.00535661039633377,0.15743892039997,0.413960751071736,-0.379501593119048,0.074656115577809
"MAPKAPK5",-0.722204500360336,0.0016669859851457,-0.274364951184584,0.154370186099319,-0.228676079802984,0.327899574432158
"MAVS",-1.09115658863525,1.32752749301574e-06,-0.269168572879046,0.132816851272501,-0.515759929801702,0.0095237705430046
"MAX",-0.239946456523317,0.375728104726823,0.602847232145217,0.00899296002121495,-0.303641361245603,0.257634764091997
"MBP",-0.153503385308715,0.728252413721111,-0.607653425267087,0.0836143927055742,-1.26493601732073,0.00120956203235918
"MCL1",1.37618861700001,2.19028968983478e-06,-0.316112383598961,0.093437875292008,-0.248772234575638,0.270884047279246
"MEF2A",-1.5179191860938,5.45632260155476e-07,0.207235122719272,0.418330322167987,-0.172460225833946,0.598835045464103
"MEF2BNB",0.263785377357301,0.276892328023004,0.381897601975332,0.0264149061835644,0.0942836151313671,0.703736924078899
"MEF2C",-0.841885531442456,0.00980049826455276,0.426452854978493,0.1437371320779,-0.0176047819461855,0.961826597477878
"MEF2D",-0.715977935311027,0.00617295044478922,-0.507530510688143,0.0238752925911017,-0.339490676903748,0.201095067893054
"MIF",-0.356155762972348,0.14238830395895,0.0480724562081516,0.830434939178399,0.534096260008102,0.0262135807089259
"MKNK1",0.385945855268725,0.248451625879826,0.305895039202459,0.324463254952584,-0.324514948505192,0.388579783120155
"MME",-2.04466549269997,0.000830315564370992,0.0855349799558809,0.861945414602878,0.21108911304643,0.762648461001799
"MMP9",0.610734953435381,0.308760505615917,0.199343688344813,0.706962239067742,0.595216657811532,0.338544906962887
"MR1",3.50011803826383,7.09480599663138e-15,0.56022632085061,0.00745673762318265,0.719008209515534,0.0058069025091849
"MRC1",-0.375049060768001,0.235427997319812,0.347934498824715,0.181427810294477,0.0446359640472558,0.909515747694063
"MS4A1",-0.717877453838778,0.0552874885817811,0.283240070802382,0.400129823324755,-0.919440221748569,0.0161491376043117
"MS4A2",-0.0433037109196448,0.95566285997064,1.82199591701518,0.000938390153742605,3.29438448590569,5.21420092215982e-07
"MSR1",0.0122501347995936,0.973586756125433,0.358314463623278,0.0960519404146069,0.440070367014601,0.103570034298238
"MX1",6.75549745916781,1.14487305498887e-08,2.61781055969204,0.000357719482691979,3.32704881103264,4.56615321825093e-05
"MX2",4.05914256063017,6.10274878905868e-10,1.41774941417147,0.000316910045819472,1.72306465820604,7.76156522372776e-05
"MYC",-0.563507959904542,0.117194551747565,0.710286273562719,0.0223054731298009,0.493522922310812,0.179299989929075
"MYD88",1.13709483834909,7.23451001181096e-08,0.288098665203863,0.0564659545662447,0.679174388532385,0.00011379455413324
"MYL2",-0.917746549046414,0.00218546220822558,0.859043133345538,0.00253647060200745,-0.339696056940134,0.268818038588313
"NCAM1",0.267374411593667,0.267461241591967,0.358314463623278,0.0346827668224844,-0.029142946629789,0.909515747694063
"NCF4",0.262810448476454,0.491003335830505,-1.58152734565707,8.29497172568081e-06,-1.60628249520377,3.02724857011811e-05
"NCR1",0.123241743126147,0.736860817724388,-1.26714062869228,5.22361936289649e-05,-1.23145803631158,0.000222395851570288
"NFATC1",-0.251125833967425,0.170011655229239,-0.460876499036833,0.00540281072196072,-0.379984155421075,0.0383353447517923
"NFATC2",-0.941856361907178,0.00925487551757591,-0.380487583857974,0.227795142479925,-0.127825849336404,0.781750981642021
"NFATC3",-1.53785569808014,2.07133269679023e-08,-0.13464566886914,0.499786906839388,-0.225755486675808,0.340799340384696
"NFE2L2",0.764617003416131,0.000541884374678243,0.424108718523483,0.0163345829211333,0.133573050911698,0.55643554758208
"NFIL3",0.476001919846719,0.0727000931359019,-0.417871844808275,0.080186107529407,-0.0970297144289729,0.788491867783923
"NFKB1",-0.347474600648591,0.0596036283413107,0.011972075517761,0.942187219717578,0.127787872673617,0.538062277946122
"NFKB2",0.0183265460986046,0.95566285997064,-0.395615018469262,0.105750632264945,0.0373605040409366,0.920868616222568
"NFKBIA",1.82282375125058,2.12352169323938e-08,-0.39992174759784,0.0545580931582989,0.0585628413213293,0.848412961406279
"NFKBIZ",0.691067397071725,0.0123407939971117,-0.257861002224619,0.291814969341774,-0.275380129051094,0.341127469971764
"NLRP3",0.514570692202574,0.086105947807899,-0.275191312142606,0.27930809634343,-0.399624302620531,0.176368969065751
"NOD1",-0.0405553581439584,0.931274928620528,-0.744717943963872,0.0180977672293127,-0.570587010031463,0.13138570892616
"NOD2",0.816196378089714,0.0015570529868264,-0.485289583172584,0.0223054731298009,-0.5034743342241,0.0370481317514275
"NOTCH1",-0.370058766714923,0.101665741658381,-1.35562699048795,4.96011736007134e-08,-0.953983854987663,6.27805071983132e-05
"NOTCH2",0.133688941934041,0.560380897283631,0.0118686000855703,0.950738221389023,0.094162288659696,0.736471050400443
"NOX1",-0.653605994698257,8.04992381109817e-06,0.31190190766109,0.00705080712785685,-0.00816259328519919,0.958341687127463
"NR3C1",-0.505204005860218,0.0171607130070003,-0.00520327321649283,0.976534618827048,-0.0714276245909247,0.79925039272723
"NT5E",-0.607193438736068,0.00211651069439899,0.427281168289823,0.0108054512169829,0.297432828578258,0.143571310459859
"NUP107",-0.886431008169772,0.00094240334865144,0.273121422040426,0.225392152856679,0.348572147368138,0.179299989929075
"OAS1",5.95416900159196,7.89010064835453e-11,2.15684663796214,0.000110760547496975,3.01492213111482,1.99917395522039e-06
"OAS2",5.2356347998703,4.1629157016215e-11,1.88486013110071,1.42777029483378e-05,2.30264617038856,2.67538350480736e-06
"OAS3",5.17957890022706,3.55704393440258e-09,1.21588261911628,0.017751697751589,1.83357805685182,0.0015543933962699
"OASL",5.34560482334394,5.47669063120081e-11,1.54769883558804,0.00196299747515089,2.89283192127929,8.07944586210177e-07
"OAZ1",-1.38876977600811,0.0602241457284803,1.07242774832709,0.11683245914843,-1.75085477987275,0.0154305671973605
"OXER1",-1.42905909648997,4.05072339668243e-08,-0.604121865077423,0.00316111460239533,-0.939886960260902,4.56615321825093e-05
"PAX5",-1.40552275429315,5.98189602527931e-05,-0.314023196291569,0.314135701385235,-0.876634416951182,0.00775771351745665
"PDCD1",-0.994749424720099,0.0325422927133961,-1.15884420665366,0.00366647766901434,-0.769716327772934,0.101214972316674
"PDCD1LG2",2.19929534523004,1.31861164943002e-10,0.487897088773174,0.00915222271647426,0.670353972243083,0.00379792569936072
"PDCD2",-0.466841540673784,0.0990780091681755,-0.473499964506657,0.050305068970176,-0.297282669458764,0.32916584995453
"PDGFA",-0.607193438736068,0.00239822448086608,0.518552538748479,0.00289563818376147,-0.029142946629789,0.909515747694063
"PDGFB",-0.130204072241935,0.758100017275433,0.544343037111317,0.0746490608077677,0.314266493466302,0.426403471152419
"PDGFRB",-0.438778530476991,0.00446297717175569,0.36426290161304,0.00491127765656415,-0.0297302444285998,0.873769822249666
"PECAM1",0.300933059372863,0.276130794716214,0.4390494636203,0.0661414329746282,0.702452235245739,0.0094368432298813
"PIK3C2G",-0.607193438736068,0.00128762293384485,0.476844932627756,0.00316111460239533,-0.029142946629789,0.901325240324646
"PLA2G4A",0.395515971618188,0.376466999262472,1.0224682257972,0.00401147203380342,0.369172702709271,0.393693827015624
"PLA2G6",-0.822868531020326,9.75729303949167e-05,-0.0570884842983883,0.747367062234978,-0.278195391520614,0.17064737187541
"PLAU",1.4147405545087,2.06713393987482e-07,0.360053009705479,0.0207818170202059,-0.029142946629789,0.901325240324646
"PLAUR",0.945651326129851,0.0599787598325484,-0.448014928708684,0.349482540657396,-0.432277094137896,0.46193562781506
"PLCB1",-1.54175525328074,1.60396421695346e-07,-0.208166923220739,0.400129823324755,-0.611525373218074,0.0208197894305269
"PML",2.54430579334137,5.55317618543406e-11,-0.719467583576407,0.00353358606515944,-0.290498793987623,0.314871052488689
"POLR2A",-0.26680976795239,0.17894474850712,0.0979899304851966,0.590586347727107,0.0695904550201121,0.790763847717393
"POU2F2",-0.284915952169896,0.428540670941894,-0.00106224368068286,0.998101206466666,0.0832105615187091,0.852529443957494
"PPBP",-1.12555993739117,0.0237816320046147,0.634072695235425,0.154870560027661,0.0749499621237266,0.909515747694063
"PPIA",-0.942361379403856,6.69453939174647e-05,0.172580481321264,0.379670854920207,0.402589600257022,0.0725518449757331
"PPP1R12B",-1.56427827205106,2.27844426646473e-05,-0.303157164522221,0.347911168324154,-0.435535094560062,0.247521097988781
"PRDM1",0.554219692424843,0.0503725215783543,0.114803047439166,0.661036510262375,0.324668440188757,0.26602634686979
"PRF1",-0.600781304611232,0.163850918576638,-0.305135465429776,0.429865771856867,0.363920698038244,0.440390763115323
"PRG2",-0.607193438736068,0.350503432215982,1.45323822906432,0.0187730539231633,0.856440619443733,0.251469840055511
"PRKCA",-1.01967999911766,0.0024034764273414,-0.0151599507452351,0.958204528235619,0.198446812705007,0.62788428116048
"PRKCB",0.254491726127961,0.182386667373964,0.233675940599502,0.150166619756281,0.244445720500797,0.20585473658743
"PRKCD",0.638358732903984,0.0066893106844024,0.240752154074644,0.251961770626893,0.325240353312494,0.179299989929075
"PSMB10",0.751665172317786,0.0110050275473823,-0.60882041197061,0.0148886740037875,-0.130122261220546,0.710489256158603
"PSMB5",0.65486235590021,0.00633026456486567,0.092641996164204,0.685398296799825,0.27150330779374,0.285927201106609
"PSMB7",-0.61943984951326,0.0255369639551929,0.588665515293082,0.0149296699918666,0.236177260217824,0.428683112523798
"PSMB8",1.62103977775888,2.12352169323938e-08,0.229339130798177,0.203085203041613,0.739489149755142,0.000419591491097444
"PSMB9",1.3483083254415,5.37461115581305e-07,-0.215701071373694,0.242721223620197,0.238572119336167,0.270884047279246
"PSMC2",-0.682089433718652,0.0707749957578555,0.882675238530958,0.00868753688235865,0.109101503535651,0.826270922614368
"PSMD7",-0.597134346160179,0.00695892700422399,0.813626441467086,6.49074117190099e-05,0.393349329813361,0.0664963230274483
"PTAFR",1.46445964629485,0.00094240334865144,-1.52845673264264,6.76279395692012e-05,-1.36244601466763,0.000801524702701297
"PTGER2",-0.627076765265532,0.0460086899346724,-0.122997863269826,0.663625739845249,-0.249991757691403,0.455741602815934
"PTGER3",-1.91452745074036,1.33294727165162e-05,-1.19135074843647,0.00115795693184148,-0.878442515718847,0.0339927014174212
"PTGER4",-0.436684395884951,0.0547377858477602,-0.0777119876322505,0.70833317400113,-0.128267640934022,0.627293966572275
"PTGFR",-0.607193438736068,0.00557662060078122,0.481402338298543,0.0111929827440632,0.229652046810446,0.332464257574759
"PTGIR",-0.444875940917399,0.248774179679788,0.0528725190305641,0.871885090924607,-0.0839881735515471,0.857405038839049
"PTGS1",-0.643490390795573,0.0890816239554602,0.116563122021291,0.739851333066979,0.725034744286225,0.0471086597648949
"PTGS2",-1.3964529854897,0.0110356511675856,-2.0283989800075,7.30867212901477e-05,-3.34862743685516,1.51604034068185e-07
"PTK2",-0.590636225304664,0.0470660998083696,0.682537038461387,0.00918386307570627,-0.165427162598263,0.633147671075517
"PTPN2",0.51900433023699,0.00335158370519742,0.416577897739927,0.00637568530563604,0.322250559977688,0.0594320039166673
"PTPN22",-0.743404933446937,0.0066893106844024,-0.394499269247891,0.094592761620594,-0.362974569234596,0.191782946731124
"PTPN6",0.100488389156419,0.688179046357048,-1.29102959021719,1.89890416320032e-07,-1.20688063635216,2.72039796551672e-06
"PTPRC",-0.229808221379951,0.252110972766871,-0.145430423784935,0.399909896687957,-0.21753991823326,0.276715449851941
"PYCARD",1.18507996570057,0.000258124139534943,0.0588621374056846,0.829737753943268,0.55927569646655,0.0545410816565356
"RAC1",-0.29744072427199,0.22753680174339,0.677608917284873,0.00210938809374716,0.507321800722965,0.0362794693189736
"RAF1",-0.549258576784075,0.00245069548599807,-0.952174181017583,1.9345962750615e-07,-1.22191555040965,1.29946031118366e-08
"RAG1",-0.861052633662355,0.0170134805480916,0.585484459975535,0.0744395817496475,-0.469550540740086,0.20091771549706
"RAPGEF2",-0.0812069561447197,0.870903928511735,0.0817257497463126,0.821704880181282,-0.610796878751919,0.106586568726812
"RARRES3",1.23701762173004,4.50772388131528e-05,0.545803072728749,0.0180977672293127,1.12883589235309,4.97359614054517e-05
"RELA",0.218986324243189,0.422634656029301,-0.859256450385004,0.000735630856048691,-0.823253761758017,0.00329963994955513
"RELB",0.261575902036634,0.441107952417492,-0.266183609221271,0.328027149918698,0.317684462749094,0.359334758541969
"REPS1",-0.843732480571751,0.000443688129385613,-0.360065078767218,0.0653774730336006,-0.109541128568016,0.681943874715287
"RHOA",-0.400743292987144,0.018894386205296,0.329728219507075,0.0235832530198063,0.225222691505135,0.195653492909221
"RIPK1",0.0445322163760142,0.824122777848039,-0.000235063974423078,0.998555195691831,0.1897825762031,0.326131478841901
"RIPK2",0.594184320636868,0.00307194540616771,0.34238025787361,0.0500221561043608,0.586611743000463,0.00312960029788677
"RNASEL",1.09014975956217,0.00192624695019531,0.0426225875777355,0.884511254431925,0.142766885459985,0.73875395709289
"ROCK2",0.2938683300505,0.095440124870564,-0.149565530006046,0.365814351070537,-0.14162615620503,0.483941348603393
"RPS6KA5",-0.981603263153837,2.20293051894585e-05,0.0632734658007816,0.739851333066979,-0.306035640401321,0.148127702137723
"RUNX1",-0.0086215918320871,0.97694633334331,-0.0264248829648821,0.908279449511626,0.268281892301724,0.336631803750718
"S100A8",3.7170633755932,0.00446297717175569,0.90796004500949,0.275997949560364,0.0552996461919371,0.958766283225873
"S100A9",3.72382925932736,0.00077544498017865,0.579976200934453,0.429865771856867,-0.0301215748938777,0.972061064562261
"S1PR1",-0.973351502088111,0.00335158370519742,-0.133961407972453,0.656231058272509,0.0639775592463696,0.874065524060438
"SDHA",-0.482469054832418,0.00973418561587856,0.118063838584063,0.478488021071664,0.295665345100937,0.110499314598947
"SELL",2.33430130891763,1.14270821304602e-07,0.449103839916548,0.0808419200819992,0.687410216233843,0.0234791613519639
"SELPLG",1.34122422671908,5.4508192980614e-05,-1.42306915980162,7.73816916540412e-07,-1.08646298389443,0.000142721169099316
"SERPING1",4.92281744589149,3.90158809095568e-11,0.395421198246484,0.307878743048705,1.8868663745265,0.00028472694727492
"SH2D1A",-1.22336213660217,0.00299180215646109,-0.157062854567764,0.663625739845249,0.292940842257698,0.49722340025809
"SHC1",-0.409322950382975,0.0474928254768793,0.179966331116425,0.333369494021674,0.133684905051762,0.566924096041722
"SIGIRR",-1.40740964641504,3.32775460879638e-05,-2.40818625948743,9.54771180856558e-11,-1.88809199433198,1.40769160343339e-07
"SIGLEC1",3.88094075559556,2.25680916339172e-16,0.404948348256395,0.0400083071835924,0.516814048218888,0.0356975530681855
"SIRPA",0.762123068056235,0.04441924567836,-0.747450628116635,0.0207559760074046,-0.87748615257059,0.0169269958227387
"SKI",-1.37924347317994,3.13473097646301e-05,-1.85344929247421,1.44292990518811e-08,-1.54109332628143,2.72039796551672e-06
"SLAMF1",-0.619737626807048,0.0423104759487742,-0.0453454547382597,0.871885090924607,0.156418098006131,0.661931449522743
"SLAMF6",-0.393919632036175,0.21109429794218,-0.271985516727746,0.341570088695565,-0.0615256670619333,0.874065524060438
"SLAMF7",-0.520621134871233,0.150604163218413,0.274047878246069,0.400129823324755,0.670096189375819,0.0656809330072421
"SLC2A1",-0.493973767373149,0.666163740099673,3.40622460510197,0.00066498449973585,0.414620445663217,0.770433700261241
"SMAD2",-0.629763476813013,0.000756333066841232,0.356633408805925,0.0194996811043666,-0.114193137843126,0.564755727726508
"SMAD3",-1.19597644251296,0.00378192472829148,0.0274414618514749,0.936484054945935,0.00412975963987083,0.990489772392987
"SMAD5",-1.38702880735086,0.000194790025390242,-0.34578195000459,0.296615388860167,-0.329917234323972,0.412664928486196
"SMAD7",-0.9680639078849,0.00255401418432933,-0.82280225942883,0.00258691777516666,-0.870706247385165,0.00434697952179932
"SMPD3",-0.607193438736068,0.00102285753763637,0.501033804964737,0.00177166944052551,0.0444248846218214,0.846675156518934
"SOCS1",5.23399610329577,1.57162402353041e-10,0.233652068395957,0.663625739845249,1.67066326554912,0.00304956263382217
"SOCS3",3.58669180167442,2.15090125766207e-11,-0.768535800458447,0.012678296018947,-0.0278951592591783,0.94879735270685
"SRC",0.380348520612074,0.304165034459614,0.120946416678566,0.707642791583923,0.454944904878587,0.232096905256523
"STAT1",2.01436926335849,0.000106402226111365,0.599620318452356,0.0953937966777632,0.926379899431902,0.0262135807089259
"STAT2",3.34319074383684,4.05072339668243e-08,0.759026394256257,0.0565066123503917,1.32593012930777,0.00334770711896085
"STAT3",0.975580012317781,4.68739187153168e-06,0.484689684312222,0.00280418499423777,-0.0118608136328522,0.955861213905094
"STAT4",-0.755951434387976,0.0386569541766553,0.865412734836241,0.00740853998892261,-0.00981791641080676,0.979766056076778
"STAT5A",0.471248546834769,0.0320360261288947,-0.257745280643734,0.175425067991379,0.064085045076089,0.82234140761237
"STAT5B",0.120198049655414,0.57321487847493,-0.196003140891822,0.282866072236551,-0.152399270338384,0.49722340025809
"STAT6",-0.658629312368783,0.00374832520970687,-0.561824957125058,0.00418429860621203,-0.648534829308014,0.00304956263382217
"SYK",0.992913914808079,0.000258124139534943,0.333345291832083,0.132385313837387,0.29981316134453,0.252038591233731
"TAGAP",1.34226222454286,6.6047708937797e-05,0.158870945558254,0.543325332150043,-0.0363641598963031,0.925637147821742
"TAL1",-1.72630657874786,0.0230682723786416,2.19089395797431,0.000709897583536045,-0.911828244811103,0.232096905256523
"TAP1",2.34266018274788,7.05368396670118e-09,0.170331078082947,0.468070171334835,0.605904572195978,0.0208197894305269
"TAP2",1.93171237983253,5.49028230866573e-07,-1.22585538807622,2.65118600318786e-05,-0.728407947106527,0.0151759323198994
"TAPBP",0.82857235214216,0.0005010380146253,-0.544878534640523,0.00354553390677545,-0.0625770182596153,0.82234140761237
"TARP",-1.09486154977146,0.00700645682592373,0.066643259895006,0.855812727829765,0.139931870125745,0.792276583265767
"TBK1",0.637518350816844,0.00108119769145584,-0.114375922156227,0.50538390577498,-0.164764108669371,0.4241915636593
"TBP",-0.700490196799168,0.110600535398436,0.312307725703088,0.440170082369393,1.03791770163063,0.0234791613519639
"TBX21",-0.774629488159892,0.0379870596736837,-0.138592199920502,0.685536738868777,0.103737578864742,0.830931202964445
"TBXA2R",-1.21496260168749,2.32756400683034e-06,-0.52210484734458,0.0111929827440632,-0.945090769455306,4.97359614054517e-05
"TCF4",-0.683371236711895,0.083422242896957,0.873824397242914,0.0111929827440632,-0.396370448777128,0.341127469971764
"TCF7",-2.70035365982213,9.4896787117393e-08,-2.2214536016491,5.41725407546802e-08,-2.00501071767843,4.35225975347612e-06
"TFRC",-0.845400914564396,0.140329236046841,1.65167343492405,0.00137146302328689,-0.409775906087839,0.518608538552061
"TGFB1",-0.949953961847013,0.000861695251936085,-0.272006117685255,0.258726961956183,0.0994573771987017,0.781750981642021
"TGFB2",-0.926818722370387,0.00381565556086368,0.703811097591617,0.0176173854950843,0.0880837006254751,0.836814102187535
"TGFBI",-0.00961238274110343,0.988881753786939,-0.712398683487984,0.32121144099468,-1.14808220593121,0.175677146114974
"TGFBR1",-0.559415848174329,0.0101389511962826,-0.219307496872547,0.251961770626893,-0.40206877289379,0.0594320039166673
"TGFBR2",0.421306360596384,0.0550521301126415,-0.281837270764672,0.132385313837387,-0.28765003312903,0.194487791012014
"THBS1",-1.77954572103533,0.00471322867262175,-0.130561504507737,0.821389104669617,-0.171339467509638,0.830931202964445
"THY1",-0.881712324393004,0.00564529054386099,0.845001267028151,0.00505526228197182,-0.216733396696325,0.545779474791967
"TICAM1",0.722093421817987,0.0383953776683491,0.390343831356378,0.133371008202736,-0.393135805493478,0.185095059509953
"TIGIT",-0.516167030482586,0.117374702000702,-0.0560297942109464,0.855801107991942,0.236361971586494,0.516909412950888
"TIRAP",-0.898241582805151,0.000582389119490802,-0.612326403482657,0.0043835596823169,-0.292503560240527,0.24593631687086
"TLR1",0.991768262554517,0.00224366496231993,-0.208680555144786,0.449072403804225,-0.37316623533698,0.237217526070778
"TLR2",2.17716876223158,0.000274046775654947,-0.216356598423571,0.650095015857609,-0.705431891752017,0.181483582531671
"TLR3",-0.633284832132238,0.0035265735040051,0.711501704111185,0.000401155094619975,-0.0552343400259572,0.838360050354368
"TLR4",3.26579972805992,3.94413088877591e-06,0.457414793463952,0.341243724619503,0.504624464078285,0.383380686636461
"TLR5",1.76045744687691,0.000138883838874323,0.322848386457728,0.429865771856867,-0.0181049252852299,0.97062287234194
"TLR6",1.47938793629493,0.000293229298137003,-0.227903502646733,0.487577703137357,-0.265305157475451,0.511093906765182
"TLR7",-0.171096553827279,0.362075753736984,0.375986491381852,0.0108054512169829,0.138459418629719,0.457715127307467
"TLR8",1.19428340776225,0.00204471039325136,0.0612545432785039,0.858090328992336,0.0218338419844333,0.958766283225873
"TLR9",-0.0282791835839031,0.916332779721296,0.361011425375852,0.0274134722335735,-0.0319977097834547,0.897013520877336
"TMEM173",1.24203212044708,4.19265346205317e-05,-0.793605466473055,0.00217776810146983,-0.536448210346693,0.062411661947266
"TNF",-0.169720380127912,0.606278345122154,0.282857215359027,0.275997949560364,0.836593900284347,0.00850994905619662
"TNFAIP3",0.824119584566049,0.0128902082990393,-0.612423934256265,0.0265157823306253,-0.326726244428844,0.334869690228082
"TNFRSF11A",-0.607193438736068,6.74858764749689e-05,0.367759832030649,0.00316111460239533,0.0830949229619717,0.61264907484765
"TNFRSF13C",-1.21759892972233,0.000396964047493894,-1.38717069213564,3.16628563737235e-06,-2.20330071783719,1.26381176956475e-09
"TNFRSF14",0.252039550899728,0.316508837694878,-0.970856124658996,7.48482654255234e-05,-0.697383593653277,0.00712681356932158
"TNFRSF17",-0.607193438736068,0.0010322423034772,0.439711684465612,0.00491127765656415,0.0366711167655502,0.873769822249666
"TNFRSF18",-0.688802531378265,2.5303313418305e-05,0.284421338005458,0.0267739333945942,0.140753159497729,0.391564315726704
"TNFRSF1B",1.06751323585905,0.000826937444940528,-0.722627293882397,0.00512421110119607,-0.0584819788329831,0.873769822249666
"TNFRSF4",-0.607193438736068,0.00391712889375521,0.460481493392204,0.0111210415081694,0.402962333708651,0.0624661453009578
"TNFRSF9",-0.90908282347796,0.0019573269496331,0.605585983374546,0.0207818170202059,-0.323744612707987,0.279289873930757
"TNFSF10",2.52179712717508,3.85003492200493e-08,0.25774355236716,0.449072403804225,1.37179613964651,0.000449088107172369
"TNFSF11",0.170582278461123,0.561176420086521,0.221059641559995,0.301280598919904,0.216696983988891,0.4241915636593
"TNFSF12",-0.0326290547329799,0.900668185081906,-0.195879412009506,0.321700144227776,-0.251264503338965,0.270884047279246
"TNFSF13",1.16257429099356,0.0283481357431287,-0.283941846115184,0.586246323469795,-0.232824529710343,0.746057122343708
"TNFSF13B",4.15418953521019,2.86810370046393e-08,0.791983270648222,0.078135249789849,1.05513686522803,0.0383353447517923
"TNFSF14",-0.651770790486936,0.158957908106779,0.122568177121679,0.769468905114317,0.490420215162914,0.326131478841901
"TNFSF18",-0.607193438736068,0.30486652915675,1.9103047878475,0.0014917149131574,0.0162172780927436,0.979766056076778
"TNFSF4",-0.667509584515214,0.00329371516209535,0.441751039256036,0.0222671870630408,0.485551448468012,0.0400901814993606
"TNFSF8",0.623042428206675,0.00274309020580571,-0.292579855123354,0.109282265762414,-0.458364596576718,0.0279621867184989
"TOLLIP",0.462572117389811,0.201305872286053,-0.410659832634894,0.223471951817262,-0.484549166844432,0.220207676958622
"TP53",-0.457634026097448,0.0978207607565322,-0.220236683434251,0.379081356531845,-0.0225217435818985,0.94879735270685
"TRADD",-0.125609869236595,0.741295314035901,-0.920080947842028,0.00280418499423777,-0.948780467293602,0.00556587663574196
"TRAF1",-0.695896073409398,0.0605810956512796,0.113190864371601,0.740057452885962,0.26577351166349,0.516909412950888
"TRAF2",-0.304776050007918,0.305328340234963,-1.07711437204867,8.8737527111037e-05,-0.700722680947473,0.0195993464830885
"TRAF3",-0.649399072034663,0.00193747882258612,-0.0758952444827079,0.681917482045888,0.156286136223994,0.468751984191655
"TRAF4",-0.672119948049628,0.0640704342534489,-0.23419455232869,0.470843387287544,0.243379491650114,0.548393586441044
"TRAF5",-1.66875953666503,9.43266170091038e-06,0.0168405912622385,0.955142129093123,-0.0717443725833347,0.873769822249666
"TRAF6",-0.0211333205580484,0.939803598125304,0.184552259650005,0.349829800315757,-0.114139429929225,0.663897285689719
"TREM2",-0.607193438736068,0.000163650904692919,0.421141058117096,0.00187191966112074,-0.029142946629789,0.874065524060438
"TRIM39",-0.416767054614398,0.215519913106386,0.0114099595622958,0.965367226455769,0.411001269278402,0.233096470055194
"TSLP",-0.841280403183076,0.00206812467678162,0.64103183470488,0.00905111032398348,-0.263229911076796,0.355191211952991
"TUBB",-0.615584670797864,0.0475019121720344,1.01553676287779,0.00041327768461492,1.42583045447499,2.17909443596886e-05
"TYK2",-0.743288181226465,0.000161597463400144,-0.700605100884163,5.22361936289649e-05,-0.424136693039337,0.0183280640230276
"TYROBP",0.103118531640806,0.743346172476655,-0.46008692027671,0.0524376179049501,-0.0877457666284407,0.81078155670629
"UBB",-1.34048213647439,0.0597339238276972,0.895342245761242,0.160076464299786,-2.02754435017668,0.00310848275859798
"UBE2L3",0.0584427652996311,0.805759503486389,0.327585723746079,0.0673667778655829,0.308635153780104,0.148127702137723
"USP9Y",-1.17701568837842,0.000614913747093324,0.764200900404214,0.00809102004914594,-0.744917206826797,0.0195700889923804
"VCAM1",-0.607193438736068,0.00181484331117098,0.368037328353797,0.0225611493931971,0.104755712757219,0.633774018546942
"XBP1",0.280151086009425,0.330658302219505,0.597646928807595,0.0168967178892181,0.986433676591631,0.000601019223502422
"XCL1",-0.679131765105472,0.0921824989106178,0.112660152292431,0.759252010642375,0.500948037701187,0.244757026671976
"XCR1",-0.667509584515214,2.81835760363675e-05,0.297998317844135,0.0180977672293127,0.0303631764116234,0.873769822249666
"ZAP70",-1.26920865595964,0.000285880215828095,-1.25949903321869,5.22361936289649e-05,-0.85336990918653,0.00775771351745665
"ZEB1",-0.943829732500164,0.00524037463399936,0.141571478557021,0.650095015857609,-0.299582650078906,0.399638189466632
